Time,Month,Temperature,Precipitation
01/01/2015,1,-5.6,0
01/02/2015,1,-2.9,0
01/03/2015,1,-1.7,0
01/04/2015,1,-2.5,10.63
01/05/2015,1,4.5,3.87
01/06/2015,1,-4.8,0
01/07/2015,1,-10.4,0.56
01/08/2015,1,-13.1,0
01/09/2015,1,-10,0
01/10/2015,1,-8.4,2.27
01/11/2015,1,-10.9,0
01/12/2015,1,-6.6,0
01/13/2015,1,-3.5,9.12
01/14/2015,1,-10.4,0
01/15/2015,1,-7.9,0
01/16/2015,1,-5.5,0
01/17/2015,1,-6.4,0
01/18/2015,1,-8.2,0
01/19/2015,1,2.4,27.69
01/20/2015,1,0.2,0
01/21/2015,1,-4.3,0
01/22/2015,1,-3.8,0
01/23/2015,1,-2.7,0
01/24/2015,1,-2.8,8.16
01/25/2015,1,-1.1,7.44
01/26/2015,1,-4.8,0
01/27/2015,1,-9.1,13.81
01/28/2015,1,-9.7,6.11
01/29/2015,1,-11.6,0
01/30/2015,1,-9.4,0
01/31/2015,1,-6.4,0.81
02/01/2015,2,-12.5,0
02/02/2015,2,-8,10.61
02/03/2015,2,-11.8,10.97
02/04/2015,2,-11.3,0
02/05/2015,2,-4.3,0
02/06/2015,2,-9.7,3.55
02/07/2015,2,-12.2,0
02/08/2015,2,-5.8,4.18
02/09/2015,2,-6,6.66
02/10/2015,2,-8,4.5
02/11/2015,2,-4.2,0
02/12/2015,2,-8.4,0
02/13/2015,2,-9.4,0
02/14/2015,2,-15.2,0
02/15/2015,2,-11.8,4.03
02/16/2015,2,-12.9,1.56
02/17/2015,2,-15.3,0
02/18/2015,2,-13.4,2.27
02/19/2015,2,-8.5,0.12
02/20/2015,2,-10.2,0
02/21/2015,2,-14.6,0
02/22/2015,2,-8.9,13.9
02/23/2015,2,-2.7,0
02/24/2015,2,-15.3,0
02/25/2015,2,-14.1,0
02/26/2015,2,-5.5,0
02/27/2015,2,-9.3,0
02/28/2015,2,-10.2,0
03/01/2015,3,-8.9,0
03/02/2015,3,-7.6,10.49
03/03/2015,3,-5.9,0
03/04/2015,3,-4.7,16.44
03/05/2015,3,0.7,2.02
03/06/2015,3,-9.1,0.51
03/07/2015,3,-9.2,0
03/08/2015,3,-4.8,0
03/09/2015,3,-0.4,0
03/10/2015,3,1.6,0
03/11/2015,3,4,4.4
03/12/2015,3,8.3,0
03/13/2015,3,0.2,0
03/14/2015,3,-0.5,0.98
03/15/2015,3,2.8,17.48
03/16/2015,3,0.6,0
03/17/2015,3,3.4,2.22
03/18/2015,3,2.6,0.28
03/19/2015,3,-4.8,0
03/20/2015,3,-4.2,0
03/21/2015,3,-4.1,2.08
03/22/2015,3,1.1,0.53
03/23/2015,3,-5.3,0
03/24/2015,3,-5.6,0
03/25/2015,3,-2.5,0
03/26/2015,3,2.5,1.68
03/27/2015,3,7.9,17.56
03/28/2015,3,2.9,0.52
03/29/2015,3,-2.6,1.93
03/30/2015,3,-0.4,0
03/31/2015,3,2.7,0
04/01/2015,4,2.8,0
04/02/2015,4,2.4,0
04/03/2015,4,6.1,0.07
04/04/2015,4,8.4,6.37
04/05/2015,4,3.6,0
04/06/2015,4,2.6,1.43
04/07/2015,4,6.7,0
04/08/2015,4,3.7,6.48
04/09/2015,4,3.4,11.07
04/10/2015,4,2.6,7.61
04/11/2015,4,6.9,0.14
04/12/2015,4,6.7,0
04/13/2015,4,11.6,0
04/14/2015,4,13.9,0.88
04/15/2015,4,10.4,0.03
04/16/2015,4,11.3,0
04/17/2015,4,12.4,3.27
04/18/2015,4,11.3,0.53
04/19/2015,4,14.5,0
04/20/2015,4,10.2,0.74
04/21/2015,4,8.5,58.53
04/22/2015,4,9.2,0.45
04/23/2015,4,11.1,1.79
04/24/2015,4,4.9,0
04/25/2015,4,2.8,0
04/26/2015,4,7.2,0
04/27/2015,4,9.2,0
04/28/2015,4,10,0
04/29/2015,4,9.6,0
04/30/2015,4,11.1,0
05/01/2015,5,10.7,0
05/02/2015,5,9.1,0
05/03/2015,5,12.3,0
05/04/2015,5,13.6,0
05/05/2015,5,19.9,0
05/06/2015,5,17,0
05/07/2015,5,15.1,0
05/08/2015,5,17.6,0
05/09/2015,5,18.4,0
05/10/2015,5,16.2,0
05/11/2015,5,22.6,0
05/12/2015,5,22.4,0
05/13/2015,5,20.2,0.68
05/14/2015,5,11.4,0
05/15/2015,5,12.4,0
05/16/2015,5,15.4,0
05/17/2015,5,15.5,0
05/18/2015,5,20.2,0
05/19/2015,5,16.1,7.38
05/20/2015,5,15.7,7.8
05/21/2015,5,10,0
05/22/2015,5,13.4,0
05/23/2015,5,12.6,0
05/24/2015,5,9.7,0
05/25/2015,5,17.7,0
05/26/2015,5,19.9,0
05/27/2015,5,22.4,0
05/28/2015,5,20.5,0
05/29/2015,5,19.9,0
05/30/2015,5,20.3,0
05/31/2015,5,20.9,1.82
06/01/2015,6,16,34.31
06/02/2015,6,8.8,32.32
06/03/2015,6,8.4,0.89
06/04/2015,6,14,0
06/05/2015,6,13.8,0
06/06/2015,6,17.2,0
06/07/2015,6,14.8,0
06/08/2015,6,15.5,0
06/09/2015,6,18.1,0
06/10/2015,6,18.7,1.02
06/11/2015,6,21.3,0
06/12/2015,6,22.8,0
06/13/2015,6,23.9,0.17
06/14/2015,6,20.9,0
06/15/2015,6,20.5,24.53
06/16/2015,6,14.5,21.87
06/17/2015,6,18.6,0.38
06/18/2015,6,16.3,0
06/19/2015,6,18.1,0.27
06/20/2015,6,20,0
06/21/2015,6,18.3,42.96
06/22/2015,6,23.1,5.95
06/23/2015,6,22,0
06/24/2015,6,21.8,7.32
06/25/2015,6,20,0
06/26/2015,6,20.5,3.43
06/27/2015,6,18.1,0
06/28/2015,6,16.5,22.15
06/29/2015,6,13.3,1.22
06/30/2015,6,17.4,0
07/01/2015,7,21.1,10.25
07/02/2015,7,19.8,8.96
07/03/2015,7,18.3,0
07/04/2015,7,19.2,0
07/05/2015,7,17.6,0
07/06/2015,7,21.1,0
07/07/2015,7,22.1,0
07/08/2015,7,22.2,0
07/09/2015,7,23.1,4.61
07/10/2015,7,20.6,6.66
07/11/2015,7,21.3,0
07/12/2015,7,22.6,0
07/13/2015,7,23.1,0
07/14/2015,7,22.2,0
07/15/2015,7,23.6,0.46
07/16/2015,7,20.2,0.51
07/17/2015,7,17.1,0
07/18/2015,7,20.1,0
07/19/2015,7,21.4,3.5
07/20/2015,7,24,0
07/21/2015,7,24.3,0
07/22/2015,7,21.5,6.28
07/23/2015,7,19,0
07/24/2015,7,19.6,0
07/25/2015,7,19.5,1.44
07/26/2015,7,20.8,0
07/27/2015,7,21.5,0.45
07/28/2015,7,23.1,0
07/29/2015,7,24.9,0
07/30/2015,7,25.6,0
07/31/2015,7,23.6,3.22
08/01/2015,8,21.5,0
08/02/2015,8,21.1,0
08/03/2015,8,21.8,0
08/04/2015,8,23.8,0.45
08/05/2015,8,21.8,1.3
08/06/2015,8,20.8,0
08/07/2015,8,18.3,0
08/08/2015,8,19.7,0
08/09/2015,8,19.7,0
08/10/2015,8,19.2,1.65
08/11/2015,8,21.7,0.92
08/12/2015,8,19.3,30.13
08/13/2015,8,20.7,0
08/14/2015,8,20.2,0
08/15/2015,8,21.6,0
08/16/2015,8,24.3,7.13
08/17/2015,8,24.4,0
08/18/2015,8,24.9,0
08/19/2015,8,25.1,0.01
08/20/2015,8,24.6,0
08/21/2015,8,24.2,1.56
08/22/2015,8,21.6,18.87
08/23/2015,8,22.2,0
08/24/2015,8,22.1,0
08/25/2015,8,23.5,0.31
08/26/2015,8,22,0
08/27/2015,8,19.3,0
08/28/2015,8,18.2,0
08/29/2015,8,18.3,0
08/30/2015,8,20.8,0
08/31/2015,8,23.2,5.08
09/01/2015,9,23.2,0
09/02/2015,9,21.9,0
09/03/2015,9,23.5,0
09/04/2015,9,25,0
09/05/2015,9,18.3,0
09/06/2015,9,19.6,0
09/07/2015,9,20.9,0
09/08/2015,9,24,0
09/09/2015,9,26.4,0
09/10/2015,9,25,0
09/11/2015,9,19.3,45.71
09/12/2015,9,18.8,0
09/13/2015,9,19.8,2.79
09/14/2015,9,17.7,8.07
09/15/2015,9,15,0
09/16/2015,9,19.6,0
09/17/2015,9,20.5,0
09/18/2015,9,20.9,0
09/19/2015,9,21.5,0
09/20/2015,9,21.9,0
09/21/2015,9,15.8,0
09/22/2015,9,15.7,0
09/23/2015,9,14.9,0
09/24/2015,9,16.8,0
09/25/2015,9,16.7,0
09/26/2015,9,14.4,0
09/27/2015,9,11.4,0
09/28/2015,9,13.6,0
09/29/2015,9,17.9,0
09/30/2015,9,21.7,39.39
10/01/2015,10,16.7,36.11
10/02/2015,10,12.1,2.1
10/03/2015,10,8.2,8.05
10/04/2015,10,9.3,0.52
10/05/2015,10,10.3,0
10/06/2015,10,10.9,0
10/07/2015,10,12.9,0
10/08/2015,10,13.8,0
10/09/2015,10,13,0
10/10/2015,10,12.6,4.84
10/11/2015,10,10.3,0
10/12/2015,10,11.9,0
10/13/2015,10,14.5,0
10/14/2015,10,15.1,1.02
10/15/2015,10,9.6,0
10/16/2015,10,9.8,0
10/17/2015,10,8.8,0.36
10/18/2015,10,3.5,0
10/19/2015,10,0.6,0
10/20/2015,10,2.4,0
10/21/2015,10,13.1,0
10/22/2015,10,16.2,0
10/23/2015,10,14.5,0
10/24/2015,10,4.2,0
10/25/2015,10,4.7,0.57
10/26/2015,10,8.6,0.95
10/27/2015,10,6.2,0
10/28/2015,10,7,0
10/29/2015,10,13,45.2
10/30/2015,10,14.4,0.01
10/31/2015,10,6.2,0
11/01/2015,11,5.8,0
11/02/2015,11,11.1,0
11/03/2015,11,9.9,0
11/04/2015,11,13.6,0
11/05/2015,11,13.4,0
11/06/2015,11,15.8,0
11/07/2015,11,16.3,0
11/08/2015,11,9.1,0
11/09/2015,11,5.4,0
11/10/2015,11,7.6,0
11/11/2015,11,9,8.07
11/12/2015,11,7.8,1.07
11/13/2015,11,10.3,2.53
11/14/2015,11,9.2,0.09
11/15/2015,11,2.8,0
11/16/2015,11,6.9,0
11/17/2015,11,7,0
11/18/2015,11,2.2,0
11/19/2015,11,3.9,0
11/20/2015,11,12,32.96
11/21/2015,11,7,0
11/22/2015,11,5.4,0
11/23/2015,11,4.9,0
11/24/2015,11,-0.8,0
11/25/2015,11,-1.6,0
11/26/2015,11,1.9,0
11/27/2015,11,8,0
11/28/2015,11,13.5,0
11/29/2015,11,5.2,4.49
11/30/2015,11,1.5,0
12/01/2015,12,0.1,0
12/02/2015,12,2.5,5.63
12/03/2015,12,8.3,3.39
12/04/2015,12,4.1,0
12/05/2015,12,4.4,0
12/06/2015,12,4.5,0
12/07/2015,12,5.5,0
12/08/2015,12,6.1,0
12/09/2015,12,5.4,0
12/10/2015,12,4.7,0.62
12/11/2015,12,7.9,0
12/12/2015,12,9,0
12/13/2015,12,11.7,0
12/14/2015,12,10.4,0
12/15/2015,12,11.4,15.05
12/16/2015,12,6.8,0.61
12/17/2015,12,5.1,0.3
12/18/2015,12,8.3,15.24
12/19/2015,12,6.6,0
12/20/2015,12,2.2,0
12/21/2015,12,0.7,0
12/22/2015,12,5.5,0
12/23/2015,12,10.2,6.73
12/24/2015,12,10.6,26.86
12/25/2015,12,14.3,0
12/26/2015,12,11.6,0
12/27/2015,12,7.8,3.02
12/28/2015,12,6.2,1
12/29/2015,12,-0.9,12.71
12/30/2015,12,-0.3,2.47
12/31/2015,12,0.2,3.66
01/01/2016,1,3.8,0
01/02/2016,1,0.4,0
01/03/2016,1,0.1,0
01/04/2016,1,0.3,0
01/05/2016,1,-9.1,0
01/06/2016,1,-8.7,0
01/07/2016,1,-2.1,0
01/08/2016,1,0.6,0
01/09/2016,1,0.3,0
01/10/2016,1,3.4,2.9
01/11/2016,1,6.5,28.45
01/12/2016,1,-4.6,0
01/13/2016,1,-3.2,2.98
01/14/2016,1,-6.9,0
01/15/2016,1,-4.7,0
01/16/2016,1,-1.5,6.86
01/17/2016,1,1.2,9.51
01/18/2016,1,-2.9,0
01/19/2016,1,-6.8,0
01/20/2016,1,-7.1,0
01/21/2016,1,-3.8,0
01/22/2016,1,-4.9,0
01/23/2016,1,-5.1,0
01/24/2016,1,-5.4,10.54
01/25/2016,1,-3.5,0
01/26/2016,1,-1.2,0
01/27/2016,1,4.4,0
01/28/2016,1,-1.1,0
01/29/2016,1,-1.8,0
01/30/2016,1,-0.2,0
01/31/2016,1,1.1,0
02/01/2016,2,5.2,0
02/02/2016,2,5.2,0
02/03/2016,2,3.8,0
02/04/2016,2,7.5,23.3
02/05/2016,2,5.8,6.99
02/06/2016,2,-4.6,12.04
02/07/2016,2,-2.3,0
02/08/2016,2,0.5,0
02/09/2016,2,-6.4,6.94
02/10/2016,2,-5.2,0.78
02/11/2016,2,-2.9,0.89
02/12/2016,2,-10.1,0
02/13/2016,2,-10.5,0
02/14/2016,2,-16,0
02/15/2016,2,-18.7,0
02/16/2016,2,-6.7,5.72
02/17/2016,2,5.8,14.05
02/18/2016,2,-1.1,0
02/19/2016,2,-5,0
02/20/2016,2,-1.5,0
02/21/2016,2,9,0
02/22/2016,2,4.5,0
02/23/2016,2,1.7,0
02/24/2016,2,0.3,7.56
02/25/2016,2,9.9,52.57
02/26/2016,2,6.2,0.64
02/27/2016,2,-4,0
02/28/2016,2,-2,0
02/29/2016,2,6.7,0
03/01/2016,3,5.4,0.15
03/02/2016,3,3.7,11.38
03/03/2016,3,1,0.82
03/04/2016,3,-3.5,0
03/05/2016,3,-2.9,0
03/06/2016,3,-0.9,0
03/07/2016,3,0.9,0
03/08/2016,3,3,0
03/09/2016,3,9.4,0
03/10/2016,3,15.6,0
03/11/2016,3,16.3,1.68
03/12/2016,3,7.2,0
03/13/2016,3,8,0
03/14/2016,3,11.2,0.52
03/15/2016,3,4.7,16.07
03/16/2016,3,7.1,0.54
03/17/2016,3,10.4,3.57
03/18/2016,3,7,0.57
03/19/2016,3,2.4,0.37
03/20/2016,3,0.9,0
03/21/2016,3,1.5,4.33
03/22/2016,3,3,0.48
03/23/2016,3,4.6,0
03/24/2016,3,10.2,0.03
03/25/2016,3,6.1,0
03/26/2016,3,8.8,2.08
03/27/2016,3,4.7,0
03/28/2016,3,6.6,2.93
03/29/2016,3,5.6,23.09
03/30/2016,3,3.1,0
03/31/2016,3,6.8,0
04/01/2016,4,14.4,5.24
04/02/2016,4,12.6,2.48
04/03/2016,4,4,23.75
04/04/2016,4,-2.2,3.78
04/05/2016,4,-5.1,8.15
04/06/2016,4,-2.5,0
04/07/2016,4,3,0
04/08/2016,4,9.7,25.09
04/09/2016,4,3.3,0
04/10/2016,4,2.5,0
04/11/2016,4,3.6,0
04/12/2016,4,9.3,0.86
04/13/2016,4,6.2,9.85
04/14/2016,4,6.8,0
04/15/2016,4,7.4,0
04/16/2016,4,9.1,0
04/17/2016,4,8.9,0
04/18/2016,4,13.4,0
04/19/2016,4,15.3,0
04/20/2016,4,11.2,0
04/21/2016,4,8.7,0
04/22/2016,4,13.7,0
04/23/2016,4,19.1,11.77
04/24/2016,4,10.8,0
04/25/2016,4,10.5,0
04/26/2016,4,11.9,0.68
04/27/2016,4,3.7,4.23
04/28/2016,4,8.7,0
04/29/2016,4,9.8,0
04/30/2016,4,9,0
05/01/2016,5,10.7,0
05/02/2016,5,6.5,3.59
05/03/2016,5,8.6,15.19
05/04/2016,5,10.3,3.17
05/05/2016,5,9.1,3.5
05/06/2016,5,8.8,5.12
05/07/2016,5,11.1,6.74
05/08/2016,5,11.1,4.78
05/09/2016,5,10.9,4.02
05/10/2016,5,11.8,0
05/11/2016,5,13.3,0
05/12/2016,5,17.2,0
05/13/2016,5,17.1,0
05/14/2016,5,15.3,6.25
05/15/2016,5,15.4,0.81
05/16/2016,5,8,0
05/17/2016,5,10.3,0
05/18/2016,5,13.8,0
05/19/2016,5,14.6,0
05/20/2016,5,13.1,2.03
05/21/2016,5,15.2,0
05/22/2016,5,15.5,0
05/23/2016,5,14.7,0
05/24/2016,5,17.1,1
05/25/2016,5,13.4,0
05/26/2016,5,19.5,0
05/27/2016,5,22.4,0
05/28/2016,5,22.3,0
05/29/2016,5,24.2,0
05/30/2016,5,21.9,16.26
05/31/2016,5,19.8,2
06/01/2016,6,20.3,0
06/02/2016,6,19.2,0
06/03/2016,6,19.1,0
06/04/2016,6,16.8,0.98
06/05/2016,6,22.4,1.65
06/06/2016,6,17.7,29.8
06/07/2016,6,21,0.02
06/08/2016,6,19.9,7.72
06/09/2016,6,15.1,0
06/10/2016,6,14.9,0
06/11/2016,6,15.8,0
06/12/2016,6,16.6,7.76
06/13/2016,6,17.8,0
06/14/2016,6,15.1,0
06/15/2016,6,18.2,0
06/16/2016,6,20.9,0
06/17/2016,6,20.6,0
06/18/2016,6,17.4,0
06/19/2016,6,19.4,0
06/20/2016,6,19,0
06/21/2016,6,20.4,4.8
06/22/2016,6,20,0
06/23/2016,6,17.9,0
06/24/2016,6,19.5,0
06/25/2016,6,19.5,0
06/26/2016,6,20.3,0
06/27/2016,6,20.2,0
06/28/2016,6,21.8,1.95
06/29/2016,6,21.2,5.4
06/30/2016,6,22.1,0.32
07/01/2016,7,21.1,0
07/02/2016,7,20.2,25.01
07/03/2016,7,18.5,0
07/04/2016,7,18.4,0
07/05/2016,7,22.1,9.08
07/06/2016,7,23.1,0
07/07/2016,7,24.9,0
07/08/2016,7,24.7,15.04
07/09/2016,7,18.8,0
07/10/2016,7,16.3,0.49
07/11/2016,7,18.9,5.13
07/12/2016,7,19.2,0
07/13/2016,7,22.2,0
07/14/2016,7,23.7,4.05
07/15/2016,7,23.2,6.21
07/16/2016,7,24.9,0
07/17/2016,7,24.6,0
07/18/2016,7,24.2,0
07/19/2016,7,25.1,7.16
07/20/2016,7,19.4,0
07/21/2016,7,19,0
07/22/2016,7,23.3,0
07/23/2016,7,25.9,15.72
07/24/2016,7,24.3,0
07/25/2016,7,24,0
07/26/2016,7,25.1,0
07/27/2016,7,25,0
07/28/2016,7,23.8,0
07/29/2016,7,25.1,3.71
07/30/2016,7,23.6,1.68
07/31/2016,7,24.7,2.71
08/01/2016,8,21.6,9.36
08/02/2016,8,20.9,9.5
08/03/2016,8,18.4,4.87
08/04/2016,8,19.2,0
08/05/2016,8,20.4,0
08/06/2016,8,22.3,0
08/07/2016,8,23,2.42
08/08/2016,8,21.8,0
08/09/2016,8,21.4,0
08/10/2016,8,24.2,1.3
08/11/2016,8,24.1,14.27
08/12/2016,8,26.9,6.99
08/13/2016,8,27.4,2.21
08/14/2016,8,26.6,21.07
08/15/2016,8,26.4,0
08/16/2016,8,24.2,0
08/17/2016,8,24,4.75
08/18/2016,8,21.9,0.09
08/19/2016,8,23.8,0
08/20/2016,8,24.5,0
08/21/2016,8,23.2,0
08/22/2016,8,22.3,34.94
08/23/2016,8,18.4,0
08/24/2016,8,18.7,0
08/25/2016,8,22,0
08/26/2016,8,23.2,0
08/27/2016,8,24.5,0
08/28/2016,8,23,0
08/29/2016,8,23.3,0
08/30/2016,8,20.8,0
08/31/2016,8,21,0
09/01/2016,9,22,0.84
09/02/2016,9,19.1,5.56
09/03/2016,9,18.9,0
09/04/2016,9,16.9,0
09/05/2016,9,18.8,0
09/06/2016,9,19.9,0
09/07/2016,9,21.2,0.89
09/08/2016,9,23.1,0.57
09/09/2016,9,24.4,0.85
09/10/2016,9,26.2,0
09/11/2016,9,25.6,0.44
09/12/2016,9,17.3,0.87
09/13/2016,9,17,0
09/14/2016,9,19,0
09/15/2016,9,19.7,0
09/16/2016,9,14.6,0
09/17/2016,9,14.8,0
09/18/2016,9,16.3,0
09/19/2016,9,22.6,0
09/20/2016,9,20.4,11.9
09/21/2016,9,22.4,0
09/22/2016,9,19,0
09/23/2016,9,19.8,0
09/24/2016,9,19.1,7.38
09/25/2016,9,12.8,0
09/26/2016,9,10.4,0
09/27/2016,9,12,10.06
09/28/2016,9,17.6,0.48
09/29/2016,9,13.7,0
09/30/2016,9,13.6,0
10/01/2016,10,12.8,11
10/02/2016,10,12.1,0.3
10/03/2016,10,13.5,0
10/04/2016,10,17,0
10/05/2016,10,11.6,0
10/06/2016,10,12.4,0
10/07/2016,10,14.9,0
10/08/2016,10,14.7,0
10/09/2016,10,12.8,17.1
10/10/2016,10,9.4,17.23
10/11/2016,10,7.3,0
10/12/2016,10,9.7,0
10/13/2016,10,11.6,0
10/14/2016,10,12,0.52
10/15/2016,10,7.7,0
10/16/2016,10,9.2,0
10/17/2016,10,12.6,0
10/18/2016,10,18.8,0
10/19/2016,10,20,0
10/20/2016,10,17.1,0
10/21/2016,10,15.7,0.77
10/22/2016,10,17.9,29.19
10/23/2016,10,8.5,3.47
10/24/2016,10,9.5,1.78
10/25/2016,10,7.9,0
10/26/2016,10,4.2,0
10/27/2016,10,2.8,0
10/28/2016,10,3.9,27.16
10/29/2016,10,5.1,0
10/30/2016,10,8.5,0
10/31/2016,10,11.3,7
11/01/2016,11,4.3,0
11/02/2016,11,5.9,0
11/03/2016,11,14.5,0
11/04/2016,11,14.1,0
11/05/2016,11,6.2,0
11/06/2016,11,6.4,1.88
11/07/2016,11,4.2,0.6
11/08/2016,11,4.5,0
11/09/2016,11,8.9,0
11/10/2016,11,6.5,0
11/11/2016,11,6.6,0
11/12/2016,11,6.6,0
11/13/2016,11,3.5,0
11/14/2016,11,6,0
11/15/2016,11,7.9,0
11/16/2016,11,9.2,17.07
11/17/2016,11,7.7,0
11/18/2016,11,8.4,0
11/19/2016,11,10.1,0
11/20/2016,11,10,11.27
11/21/2016,11,2.2,1.14
11/22/2016,11,-0.4,0
11/23/2016,11,0.5,0
11/24/2016,11,1.4,0
11/25/2016,11,3,1.88
11/26/2016,11,5.2,1.17
11/27/2016,11,4,0
11/28/2016,11,2,0.54
11/29/2016,11,2.8,0
11/30/2016,11,9.4,26.68
12/01/2016,12,9.5,15.64
12/02/2016,12,6.5,0
12/03/2016,12,4.9,0
12/04/2016,12,3,0
12/05/2016,12,2.3,0.35
12/06/2016,12,0.7,1.71
12/07/2016,12,2.2,4.53
12/08/2016,12,3.1,0.29
12/09/2016,12,1.4,0
12/10/2016,12,-3.6,0
12/11/2016,12,-6.7,0
12/12/2016,12,-4.6,9.42
12/13/2016,12,1.9,11.8
12/14/2016,12,1.8,0
12/15/2016,12,-0.5,0
12/16/2016,12,-9.6,0
12/17/2016,12,-10.6,4.42
12/18/2016,12,1.4,12.63
12/19/2016,12,2.1,4.35
12/20/2016,12,-7,0
12/21/2016,12,-5,0
12/22/2016,12,-1.5,0
12/23/2016,12,2.5,0
12/24/2016,12,2.5,1.49
12/25/2016,12,2.7,13.45
12/26/2016,12,-0.4,0
12/27/2016,12,1.9,0.7
12/28/2016,12,6.4,0
12/29/2016,12,-1,0
12/30/2016,12,0.1,17.75
12/31/2016,12,-1.5,0
01/01/2017,1,-0.1,5.39
01/02/2017,1,0.6,0
01/03/2017,1,-0.1,0.48
01/04/2017,1,5.2,15.19
01/05/2017,1,2,0
01/06/2017,1,-2.6,1.75
01/07/2017,1,-6.2,0.2
01/08/2017,1,-9.8,8.41
01/09/2017,1,-11.4,0
01/10/2017,1,-11.3,0
01/11/2017,1,-2.1,6.69
01/12/2017,1,8,8.54
01/13/2017,1,9.7,0.81
01/14/2017,1,-1.9,0
01/15/2017,1,-4.8,0
01/16/2017,1,-3.8,0
01/17/2017,1,-1,0
01/18/2017,1,2.6,9.48
01/19/2017,1,1.9,0.38
01/20/2017,1,4.3,0
01/21/2017,1,2.6,0
01/22/2017,1,6.6,0
01/23/2017,1,5.5,0
01/24/2017,1,1.8,21.75
01/25/2017,1,2.3,7.06
01/26/2017,1,1.8,0
01/27/2017,1,5.6,0.4
01/28/2017,1,1.9,0
01/29/2017,1,0.9,0
01/30/2017,1,-0.4,0
01/31/2017,1,-5.5,0
02/01/2017,2,-5.6,4.96
02/02/2017,2,-1.1,0
02/03/2017,2,-1.9,0
02/04/2017,2,-5.1,0
02/05/2017,2,-4.5,0
02/06/2017,2,-0.4,0
02/07/2017,2,-0.1,0
02/08/2017,2,0.7,6.27
02/09/2017,2,4.6,0.7
02/10/2017,2,-7.1,31.93
02/11/2017,2,-7.5,2.49
02/12/2017,2,-2.6,0
02/13/2017,2,-3,13.44
02/14/2017,2,-4.6,0
02/15/2017,2,-2.5,0
02/16/2017,2,2.7,1.02
02/17/2017,2,-2.6,0
02/18/2017,2,-1.5,0
02/19/2017,2,4.1,0
02/20/2017,2,7.6,0
02/21/2017,2,0.6,0
02/22/2017,2,0.7,0
02/23/2017,2,8.2,0
02/24/2017,2,10.1,0
02/25/2017,2,14.4,0
02/26/2017,2,9.3,8.06
02/27/2017,2,-0.3,0
02/28/2017,2,4.3,0
03/01/2017,3,8.5,0.88
03/02/2017,3,11.6,2.32
03/03/2017,3,2.3,0
03/04/2017,3,-5,0
03/05/2017,3,-9.4,0
03/06/2017,3,-6.4,0
03/07/2017,3,-0.8,0.32
03/08/2017,3,6,5.09
03/09/2017,3,8.4,0.37
03/10/2017,3,4.4,0.47
03/11/2017,3,-6,3.44
03/12/2017,3,-10,0
03/13/2017,3,-8.8,0
03/14/2017,3,-4.8,4.76
03/15/2017,3,-4.5,34.08
03/16/2017,3,-5.3,0
03/17/2017,3,-3.9,0
03/18/2017,3,-2,0
03/19/2017,3,-0.3,0
03/20/2017,3,1,0
03/21/2017,3,3.7,0
03/22/2017,3,4,0
03/23/2017,3,-3.6,0
03/24/2017,3,-2.5,0
03/25/2017,3,2,0.26
03/26/2017,3,2.7,0.62
03/27/2017,3,1.4,0.79
03/28/2017,3,3.6,12.17
03/29/2017,3,4,11.21
03/30/2017,3,2.8,0
03/31/2017,3,6.7,1.34
04/01/2017,4,1.3,32.25
04/02/2017,4,1.6,6.47
04/03/2017,4,7.1,0
04/04/2017,4,9.4,13.45
04/05/2017,4,5.2,9.36
04/06/2017,4,7.3,0.38
04/07/2017,4,7.6,36.03
04/08/2017,4,5.5,0.44
04/09/2017,4,4.9,0
04/10/2017,4,10.6,0
04/11/2017,4,15.3,0
04/12/2017,4,18.5,0
04/13/2017,4,13.1,0.27
04/14/2017,4,8.6,0
04/15/2017,4,7.8,0
04/16/2017,4,10.1,0.98
04/17/2017,4,21.6,2.92
04/18/2017,4,12.6,0
04/19/2017,4,9,0
04/20/2017,4,7,3.87
04/21/2017,4,13,5.84
04/22/2017,4,7.2,2.63
04/23/2017,4,7.9,2.82
04/24/2017,4,10.8,0
04/25/2017,4,14.6,1.09
04/26/2017,4,10.5,13.47
04/27/2017,4,13.3,1.26
04/28/2017,4,16.6,0.25
04/29/2017,4,20.4,0
04/30/2017,4,18.5,0
05/01/2017,5,11.6,0.11
05/02/2017,5,13.8,3.7
05/03/2017,5,16.2,0
05/04/2017,5,9.7,0
05/05/2017,5,11.6,0.77
05/06/2017,5,12,36.13
05/07/2017,5,14.4,0.8
05/08/2017,5,9.6,0.01
05/09/2017,5,5.9,0
05/10/2017,5,6.8,0
05/11/2017,5,9.4,0
05/12/2017,5,10.4,0
05/13/2017,5,10.6,0
05/14/2017,5,8.5,31.21
05/15/2017,5,9.7,1.86
05/16/2017,5,11.1,1.89
05/17/2017,5,18.2,0
05/18/2017,5,23.7,0
05/19/2017,5,25.6,2.88
05/20/2017,5,20.9,0
05/21/2017,5,13.4,0
05/22/2017,5,14.7,0.88
05/23/2017,5,11.2,3.59
05/24/2017,5,15.3,0
05/25/2017,5,14.9,0.94
05/26/2017,5,10.2,30.24
05/27/2017,5,12.9,1.38
05/28/2017,5,16.1,0
05/29/2017,5,14.6,0
05/30/2017,5,11,1.05
05/31/2017,5,13.2,0.63
06/01/2017,6,16.2,9.18
06/02/2017,6,16.8,0.64
06/03/2017,6,14.2,1.08
06/04/2017,6,14.4,0
06/05/2017,6,16.3,7.98
06/06/2017,6,12.3,5.97
06/07/2017,6,9.4,14.64
06/08/2017,6,15,0
06/09/2017,6,16.8,0
06/10/2017,6,19,0
06/11/2017,6,20.7,0
06/12/2017,6,25,0
06/13/2017,6,26.4,0
06/14/2017,6,25.4,1.8
06/15/2017,6,18.4,0
06/16/2017,6,18.2,0
06/17/2017,6,17.7,15.01
06/18/2017,6,19.9,0.09
06/19/2017,6,22.8,0
06/20/2017,6,23.4,17.22
06/21/2017,6,21.5,0
06/22/2017,6,20.5,0.21
06/23/2017,6,21.7,0
06/24/2017,6,24.4,0.03
06/25/2017,6,21.8,2.8
06/26/2017,6,19.8,4.54
06/27/2017,6,18.2,0
06/28/2017,6,17.6,10.57
06/29/2017,6,18.2,0
06/30/2017,6,20.9,0
07/01/2017,7,24.2,10.08
07/02/2017,7,23.8,0
07/03/2017,7,23.6,0.42
07/04/2017,7,22,0
07/05/2017,7,21.2,0
07/06/2017,7,21.1,0
07/07/2017,7,20.6,0.03
07/08/2017,7,18.1,39.78
07/09/2017,7,21,0.35
07/10/2017,7,19.8,0
07/11/2017,7,21.7,20.69
07/12/2017,7,23.8,0.38
07/13/2017,7,24.9,39.09
07/14/2017,7,21.4,15.38
07/15/2017,7,16.1,0.9
07/16/2017,7,21.7,0
07/17/2017,7,23.3,0
07/18/2017,7,23.1,0
07/19/2017,7,25.1,16.01
07/20/2017,7,24.8,0
07/21/2017,7,25.7,3.78
07/22/2017,7,24.5,0
07/23/2017,7,23.5,0
07/24/2017,7,19.7,0.48
07/25/2017,7,13.8,16.56
07/26/2017,7,15.4,0
07/27/2017,7,19.5,0
07/28/2017,7,19,0.74
07/29/2017,7,21.7,0
07/30/2017,7,16.8,0
07/31/2017,7,19.3,0
08/01/2017,8,22.3,0
08/02/2017,8,23.9,0
08/03/2017,8,22.4,39.29
08/04/2017,8,22.7,0
08/05/2017,8,24,1.41
08/06/2017,8,19.2,27.01
08/07/2017,8,17.9,0
08/08/2017,8,17.7,0.87
08/09/2017,8,17.4,0
08/10/2017,8,20.4,0
08/11/2017,8,21.4,0
08/12/2017,8,20.6,5.01
08/13/2017,8,19.7,0
08/14/2017,8,20.8,0
08/15/2017,8,20.3,0
08/16/2017,8,21.3,0
08/17/2017,8,20.1,0
08/18/2017,8,21.1,0.04
08/19/2017,8,21.7,1.75
08/20/2017,8,23.8,0
08/21/2017,8,21.7,0
08/22/2017,8,23.8,0
08/23/2017,8,23.9,2.51
08/24/2017,8,17.8,0
08/25/2017,8,18.5,0
08/26/2017,8,17.9,0
08/27/2017,8,16.3,0
08/28/2017,8,17,0
08/29/2017,8,17.4,0
08/30/2017,8,16,4.05
08/31/2017,8,17.4,0
09/01/2017,9,15.7,0
09/02/2017,9,12,0
09/03/2017,9,14.5,3.47
09/04/2017,9,13.6,12.29
09/05/2017,9,19.5,0
09/06/2017,9,23.4,0.06
09/07/2017,9,18,36.09
09/08/2017,9,15.9,0.3
09/09/2017,9,14.9,0
09/10/2017,9,15.2,0
09/11/2017,9,16,0
09/12/2017,9,17.5,0
09/13/2017,9,18.5,0
09/14/2017,9,21.9,0
09/15/2017,9,21.8,0.11
09/16/2017,9,22.2,0
09/17/2017,9,22.5,0
09/18/2017,9,22.2,3.02
09/19/2017,9,19.7,0
09/20/2017,9,19.7,0.47
09/21/2017,9,21.1,0
09/22/2017,9,18.5,0
09/23/2017,9,18.5,0
09/24/2017,9,22.5,0
09/25/2017,9,23.7,0
09/26/2017,9,24.2,0
09/27/2017,9,22.5,0
09/28/2017,9,22.9,0
09/29/2017,9,15,0
09/30/2017,9,13,1.92
10/01/2017,10,9.9,0
10/02/2017,10,11.8,0
10/03/2017,10,14.7,0
10/04/2017,10,13.7,0
10/05/2017,10,15.2,0
10/06/2017,10,17.6,0
10/07/2017,10,18.1,0
10/08/2017,10,19.7,0
10/09/2017,10,21.4,13.06
10/10/2017,10,19.9,11.58
10/11/2017,10,18.1,0
10/12/2017,10,14.5,0.88
10/13/2017,10,8.6,0
10/14/2017,10,11.2,0
10/15/2017,10,17.4,0
10/16/2017,10,16.8,0.84
10/17/2017,10,6.9,0
10/18/2017,10,7.7,0
10/19/2017,10,13.3,0
10/20/2017,10,14.7,0
10/21/2017,10,13.5,0
10/22/2017,10,15.8,0
10/23/2017,10,16.8,0
10/24/2017,10,15.6,1.18
10/25/2017,10,19.7,46.14
10/26/2017,10,16.4,32.89
10/27/2017,10,8.5,28.79
10/28/2017,10,10.7,0
10/29/2017,10,12,0
10/30/2017,10,16.7,85.18
10/31/2017,10,11,1.73
11/01/2017,11,5.2,0
11/02/2017,11,6.2,0.71
11/03/2017,11,16.7,0
11/04/2017,11,13.1,0.47
11/05/2017,11,8.8,0
11/06/2017,11,11.9,0.33
11/07/2017,11,10.4,1.32
11/08/2017,11,5.2,2.73
11/09/2017,11,2.7,0
11/10/2017,11,4.5,0.06
11/11/2017,11,-2.5,0.52
11/12/2017,11,-2.3,0
11/13/2017,11,1.8,0
11/14/2017,11,2.3,1.73
11/15/2017,11,1,0.03
11/16/2017,11,3.1,0
11/17/2017,11,6,11.43
11/18/2017,11,0.2,0
11/19/2017,11,5,13.01
11/20/2017,11,6.1,0.96
11/21/2017,11,1.7,0
11/22/2017,11,7.3,0
11/23/2017,11,3.8,14.97
11/24/2017,11,0.9,0
11/25/2017,11,3.3,0
11/26/2017,11,7.3,0
11/27/2017,11,2.4,0
11/28/2017,11,0.4,0
11/29/2017,11,2.2,0
11/30/2017,11,5.3,0
12/01/2017,12,2.3,1.57
12/02/2017,12,3.1,0
12/03/2017,12,2,0
12/04/2017,12,1.6,0
12/05/2017,12,4,0
12/06/2017,12,10,20.46
12/07/2017,12,3.9,0
12/08/2017,12,1.4,0
12/09/2017,12,1,0
12/10/2017,12,0.5,13.63
12/11/2017,12,0.1,0
12/12/2017,12,0.7,0
12/13/2017,12,-1.4,5.22
12/14/2017,12,-6.4,2.42
12/15/2017,12,-7.4,0
12/16/2017,12,-8.3,0.75
12/17/2017,12,-5.5,0
12/18/2017,12,-5.5,0
12/19/2017,12,-0.6,0
12/20/2017,12,5.9,0
12/21/2017,12,0.4,0
12/22/2017,12,-1,0
12/23/2017,12,-2,1.28
12/24/2017,12,1.3,10.91
12/25/2017,12,-0.2,4.76
12/26/2017,12,-3.1,3.66
12/27/2017,12,-9.4,0
12/28/2017,12,-12.2,0
12/29/2017,12,-15,0
12/30/2017,12,-13.6,0
12/31/2017,12,-13.5,0.83
01/01/2018,1,-14.8,0
01/02/2018,1,-16.3,0
01/03/2018,1,-13.1,0
01/04/2018,1,-9.1,1.92
01/05/2018,1,-8.9,19.61
01/06/2018,1,-14.1,0
01/07/2018,1,-17.2,0
01/08/2018,1,-14.7,0
01/09/2018,1,-3.9,0.8
01/10/2018,1,-2.9,0
01/11/2018,1,-3,0
01/12/2018,1,6.4,0
01/13/2018,1,12.4,35.7
01/14/2018,1,0.8,0
01/15/2018,1,-8.9,0
01/16/2018,1,-8.8,0
01/17/2018,1,-3.4,1.42
01/18/2018,1,-4.8,2.57
01/19/2018,1,-6.2,0
01/20/2018,1,-2,0
01/21/2018,1,3.5,0
01/22/2018,1,3.8,0
01/23/2018,1,2.8,1.21
01/24/2018,1,7.7,28.23
01/25/2018,1,-2.2,0
01/26/2018,1,-6,0
01/27/2018,1,-3.8,0
01/28/2018,1,3.4,5.62
01/29/2018,1,4.5,0
01/30/2018,1,-1,3.44
01/31/2018,1,-4.8,0.6
02/01/2018,2,-4.9,0
02/02/2018,2,1.1,10.82
02/03/2018,2,-9,0
02/04/2018,2,-6.9,0
02/05/2018,2,2.7,20.05
02/06/2018,2,-3,0
02/07/2018,2,-3.8,0
02/08/2018,2,-1.4,19.76
02/09/2018,2,-6.1,0
02/10/2018,2,-4,0
02/11/2018,2,5.3,15.46
02/12/2018,2,7.6,21.22
02/13/2018,2,-1.4,0
02/14/2018,2,-2.4,0
02/15/2018,2,4.7,1.02
02/16/2018,2,6.8,0.51
02/17/2018,2,3,2.06
02/18/2018,2,-0.1,11.74
02/19/2018,2,-0.3,0
02/20/2018,2,3.2,6.05
02/21/2018,2,13.6,0
02/22/2018,2,13.5,0
02/23/2018,2,2.5,3.28
02/24/2018,2,2.4,8.44
02/25/2018,2,6.6,8.03
02/26/2018,2,3.2,13.88
02/27/2018,2,4.1,0
02/28/2018,2,5.1,0
03/01/2018,3,7.3,0
03/02/2018,3,8.7,10.37
03/03/2018,3,3.1,42.23
03/04/2018,3,3.8,0
03/05/2018,3,2.1,1.47
03/06/2018,3,0.6,0
03/07/2018,3,2.4,0.1
03/08/2018,3,0.5,28.01
03/09/2018,3,0.5,0
03/10/2018,3,-0.2,0
03/11/2018,3,0.2,0.02
03/12/2018,3,0.9,0
03/13/2018,3,1,6.25
03/14/2018,3,-1.6,16.45
03/15/2018,3,0,0.36
03/16/2018,3,1.3,0
03/17/2018,3,-1.7,0
03/18/2018,3,-1.8,0
03/19/2018,3,-4.2,0
03/20/2018,3,-2.2,0
03/21/2018,3,0.6,0
03/22/2018,3,1.1,2.67
03/23/2018,3,4.8,0
03/24/2018,3,3.5,0
03/25/2018,3,3,0
03/26/2018,3,-0.5,0
03/27/2018,3,2.1,0
03/28/2018,3,5,0.21
03/29/2018,3,7.6,0
03/30/2018,3,8.9,0.44
03/31/2018,3,8.2,3.15
04/01/2018,4,8,0
04/02/2018,4,5.2,1.83
04/03/2018,4,0.9,5.46
04/04/2018,4,2.2,13.31
04/05/2018,4,5.4,4.26
04/06/2018,4,0.1,0
04/07/2018,4,1.5,5.2
04/08/2018,4,1.6,0
04/09/2018,4,0.9,0
04/10/2018,4,2.1,0
04/11/2018,4,-0.5,1.51
04/12/2018,4,3.1,0
04/13/2018,4,8.3,0.44
04/14/2018,4,13.4,0
04/15/2018,4,10.2,0
04/16/2018,4,1.7,12.8
04/17/2018,4,6.8,59.48
04/18/2018,4,4.2,0.68
04/19/2018,4,4.7,4.24
04/20/2018,4,2.4,2.57
04/21/2018,4,4.8,0
04/22/2018,4,8,0
04/23/2018,4,8.5,0
04/24/2018,4,10.2,0
04/25/2018,4,12.8,3.64
04/26/2018,4,11.1,19.83
04/27/2018,4,12.1,0
04/28/2018,4,11.6,9.59
04/29/2018,4,14.5,0.25
04/30/2018,4,7.2,2.66
05/01/2018,5,6.4,0.02
05/02/2018,5,14.9,0
05/03/2018,5,23,0
05/04/2018,5,24.5,2.85
05/05/2018,5,19.5,0.03
05/06/2018,5,16.8,0
05/07/2018,5,15.1,8.43
05/08/2018,5,14.1,0
05/09/2018,5,14.9,0
05/10/2018,5,17.1,0
05/11/2018,5,15.8,0
05/12/2018,5,14,0
05/13/2018,5,9.2,3.61
05/14/2018,5,11.5,0
05/15/2018,5,15.6,0
05/16/2018,5,19.5,17.25
05/17/2018,5,14.5,3.62
05/18/2018,5,18.5,0.76
05/19/2018,5,10.8,0
05/20/2018,5,12.8,12.04
05/21/2018,5,17.7,3.89
05/22/2018,5,16,0
05/23/2018,5,14.9,3.26
05/24/2018,5,19.7,0
05/25/2018,5,17.2,0
05/26/2018,5,22,0
05/27/2018,5,22.6,0
05/28/2018,5,12.3,2.22
05/29/2018,5,15.8,0
05/30/2018,5,23.3,0
05/31/2018,5,18.2,0
06/01/2018,6,19.7,0.21
06/02/2018,6,21.6,0
06/03/2018,6,20.3,1.75
06/04/2018,6,14,4.72
06/05/2018,6,10.9,8.72
06/06/2018,6,14.5,2.45
06/07/2018,6,14.7,0
06/08/2018,6,15.2,0
06/09/2018,6,19.7,0
06/10/2018,6,19.6,0
06/11/2018,6,16.3,0
06/12/2018,6,14.5,0
06/13/2018,6,16.8,0
06/14/2018,6,18.4,0.68
06/15/2018,6,19.6,0
06/16/2018,6,15.2,0.38
06/17/2018,6,20,0
06/18/2018,6,23.5,0
06/19/2018,6,25,13.56
06/20/2018,6,19.4,0
06/21/2018,6,20.4,0
06/22/2018,6,20.6,0
06/23/2018,6,18.8,0
06/24/2018,6,15.6,0.54
06/25/2018,6,19.8,13.31
06/26/2018,6,16.1,0
06/27/2018,6,18.4,0
06/28/2018,6,19.7,23.43
06/29/2018,6,22.5,26.2
06/30/2018,6,24.5,0
07/01/2018,7,25.8,0
07/02/2018,7,28,0
07/03/2018,7,26.4,0
07/04/2018,7,27,0
07/05/2018,7,26.8,0
07/06/2018,7,26.7,0
07/07/2018,7,18.9,9.73
07/08/2018,7,18.1,0
07/09/2018,7,20.3,0
07/10/2018,7,20.9,0
07/11/2018,7,25.2,1.23
07/12/2018,7,20.5,0.39
07/13/2018,7,20.7,0
07/14/2018,7,21.3,0
07/15/2018,7,22.1,0.01
07/16/2018,7,24.5,0
07/17/2018,7,26.4,0
07/18/2018,7,24.3,51.03
07/19/2018,7,19.5,0
07/20/2018,7,19.6,0
07/21/2018,7,21,0
07/22/2018,7,19.4,10.5
07/23/2018,7,21.2,31.52
07/24/2018,7,24.5,3.92
07/25/2018,7,24.5,6.05
07/26/2018,7,22.1,22.72
07/27/2018,7,22.2,14.25
07/28/2018,7,24.6,0.94
07/29/2018,7,23.3,0
07/30/2018,7,20.9,0
07/31/2018,7,21.8,0
08/01/2018,8,22.2,0
08/02/2018,8,24.3,0.74
08/03/2018,8,26.5,22.51
08/04/2018,8,25.7,0.34
08/05/2018,8,22.2,29.51
08/06/2018,8,24.9,0
08/07/2018,8,25.9,0
08/08/2018,8,25.7,0.95
08/09/2018,8,25.4,13.29
08/10/2018,8,23,0
08/11/2018,8,24.1,24.16
08/12/2018,8,21.1,6.14
08/13/2018,8,22.8,2.63
08/14/2018,8,21.7,11.51
08/15/2018,8,23,16
08/16/2018,8,24.3,0
08/17/2018,8,24,0
08/18/2018,8,25.2,4.06
08/19/2018,8,22.8,8.65
08/20/2018,8,19.8,0
08/21/2018,8,18.7,0
08/22/2018,8,19.9,10.79
08/23/2018,8,21.3,0.7
08/24/2018,8,17.5,0
08/25/2018,8,20.5,0
08/26/2018,8,19.2,0
08/27/2018,8,20.6,0
08/28/2018,8,24.7,0
08/29/2018,8,27.2,0
08/30/2018,8,27.5,0
08/31/2018,8,23.4,0
09/01/2018,9,18.5,0
09/02/2018,9,19.9,0
09/03/2018,9,21.5,0
09/04/2018,9,26.9,0
09/05/2018,9,24.6,0
09/06/2018,9,24.9,0
09/07/2018,9,24.9,19.01
09/08/2018,9,18.3,0.47
09/09/2018,9,14.7,0
09/10/2018,9,13,0
09/11/2018,9,14.3,32.55
09/12/2018,9,19.8,0.29
09/13/2018,9,19.2,65.76
09/14/2018,9,19.3,0.25
09/15/2018,9,20.4,0.04
09/16/2018,9,21,0
09/17/2018,9,23.2,0
09/18/2018,9,21.8,3.05
09/19/2018,9,20.8,38.72
09/20/2018,9,17,0
09/21/2018,9,17.1,0
09/22/2018,9,16.9,1.19
09/23/2018,9,13.8,0
09/24/2018,9,12.1,0
09/25/2018,9,11.4,0.37
09/26/2018,9,15.5,91.72
09/27/2018,9,18.7,13.53
09/28/2018,9,16,8.77
09/29/2018,9,13,4.9
09/30/2018,9,13.8,0
10/01/2018,10,13.8,0
10/02/2018,10,15.5,7.08
10/03/2018,10,15.3,32.4
10/04/2018,10,17,0.11
10/05/2018,10,17,0
10/06/2018,10,14.3,0
10/07/2018,10,14.7,0
10/08/2018,10,18.6,0
10/09/2018,10,14.4,0.71
10/10/2018,10,20.4,0
10/11/2018,10,22.8,0
10/12/2018,10,18.4,25.71
10/13/2018,10,11,0.84
10/14/2018,10,6.5,4.37
10/15/2018,10,7.9,0
10/16/2018,10,11.4,5.63
10/17/2018,10,7.1,0
10/18/2018,10,8.1,0
10/19/2018,10,2.7,0
10/20/2018,10,7.7,0.46
10/21/2018,10,10.5,1.3
10/22/2018,10,1.9,0
10/23/2018,10,3.4,0.11
10/24/2018,10,8.8,0.22
10/25/2018,10,4.6,0
10/26/2018,10,2.7,0
10/27/2018,10,3.1,4.09
10/28/2018,10,6.7,18.98
10/29/2018,10,7.3,3.93
10/30/2018,10,7.3,0.12
10/31/2018,10,3.7,0
11/01/2018,11,6.5,0
11/02/2018,11,15.8,5.47
11/03/2018,11,15.7,43.5
11/04/2018,11,9,4.73
11/05/2018,11,7.2,0
11/06/2018,11,6.1,12.94
11/07/2018,11,9.9,12.07
11/08/2018,11,9.5,0
11/09/2018,11,4.5,0
11/10/2018,11,4.6,24.22
11/11/2018,11,3.3,0.34
11/12/2018,11,0.3,0
11/13/2018,11,4,15.83
11/14/2018,11,4.9,15.12
11/15/2018,11,-3.1,0
11/16/2018,11,-1.9,28.09
11/17/2018,11,2.1,1.68
11/18/2018,11,3.6,0
11/19/2018,11,1.6,0
11/20/2018,11,3.2,1.81
11/21/2018,11,0.4,1.41
11/22/2018,11,-3.7,0.52
11/23/2018,11,-10.5,0
11/24/2018,11,-6.9,0
11/25/2018,11,1.1,17.97
11/26/2018,11,5.6,0
11/27/2018,11,4,23.49
11/28/2018,11,2.4,0
11/29/2018,11,1.8,0
11/30/2018,11,0.4,0
12/01/2018,12,-0.4,0
12/02/2018,12,2,14.12
12/03/2018,12,6.8,7.14
12/04/2018,12,6.2,0
12/05/2018,12,-2.7,0
12/06/2018,12,-2.8,0
12/07/2018,12,-0.9,0
12/08/2018,12,-4.6,0
12/09/2018,12,-5.7,0
12/10/2018,12,-4.1,0
12/11/2018,12,-3.4,0
12/12/2018,12,-3.3,0
12/13/2018,12,-2.6,0
12/14/2018,12,-3.8,0
12/15/2018,12,2.7,0.92
12/16/2018,12,5.9,0.43
12/17/2018,12,2.6,14.73
12/18/2018,12,-1.1,0
12/19/2018,12,-4.7,0
12/20/2018,12,-1.3,0
12/21/2018,12,4.8,19.73
12/22/2018,12,13.2,39.8
12/23/2018,12,4.7,0.42
12/24/2018,12,0.2,0
12/25/2018,12,0,0.98
12/26/2018,12,-1.6,0
12/27/2018,12,-2,0
12/28/2018,12,1.4,0.11
12/29/2018,12,8.1,17.37
12/30/2018,12,2.8,0
12/31/2018,12,-0.8,0
01/01/2019,1,4.2,20.71
01/02/2019,1,3.8,0
01/03/2019,1,-1.4,0
01/04/2019,1,1.8,0
01/05/2019,1,2.1,6.8
01/06/2019,1,2.4,27.76
01/07/2019,1,-1.8,0
01/08/2019,1,-5.3,0.45
01/09/2019,1,1.1,6.16
01/10/2019,1,2,1.5
01/11/2019,1,-4.9,0
01/12/2019,1,-8,0
01/13/2019,1,-6.5,0
01/14/2019,1,-6.8,0
01/15/2019,1,-5,0
01/16/2019,1,-4.8,0
01/17/2019,1,-3.7,0
01/18/2019,1,-5.4,0
01/19/2019,1,-1.9,0
01/20/2019,1,-1.7,24.31
01/21/2019,1,-10,6.94
01/22/2019,1,-17.9,0
01/23/2019,1,-10.5,0
01/24/2019,1,2,4.67
01/25/2019,1,4.8,50.26
01/26/2019,1,-3.1,0
01/27/2019,1,-4.4,0
01/28/2019,1,-0.8,0
01/29/2019,1,-5.5,0
01/30/2019,1,-2.8,9.84
01/31/2019,1,-11,0.71
02/01/2019,2,-15.1,0
02/02/2019,2,-11.8,0
02/03/2019,2,-7.3,0
02/04/2019,2,2.8,0
02/05/2019,2,7.4,0
02/06/2019,2,6.8,0
02/07/2019,2,2.6,13.69
02/08/2019,2,2.2,1.38
02/09/2019,2,2.5,2.89
02/10/2019,2,-4.8,0
02/11/2019,2,-3.6,0
02/12/2019,2,-3.4,0
02/13/2019,2,-3.7,24.63
02/14/2019,2,0.7,0
02/15/2019,2,0.5,0
02/16/2019,2,3.6,0.4
02/17/2019,2,-2.2,0
02/18/2019,2,-1.7,7.63
02/19/2019,2,-5.4,0.74
02/20/2019,2,-6.4,0
02/21/2019,2,-5.4,10.39
02/22/2019,2,3,0
02/23/2019,2,0.4,0
02/24/2019,2,-0.5,2.21
02/25/2019,2,2.9,12.43
02/26/2019,2,-1.3,0
02/27/2019,2,-7.3,0
02/28/2019,2,-8.2,4.59
03/01/2019,3,-4.7,0
03/02/2019,3,-2.1,2.57
03/03/2019,3,-0.7,0.83
03/04/2019,3,2.1,30.9
03/05/2019,3,-4.6,0
03/06/2019,3,-7.1,0
03/07/2019,3,-10.3,0
03/08/2019,3,-8.8,0
03/09/2019,3,-6.1,0
03/10/2019,3,1.4,2.47
03/11/2019,3,0.4,5.92
03/12/2019,3,3.9,0
03/13/2019,3,-1.2,0
03/14/2019,3,1,0
03/15/2019,3,5.9,0
03/16/2019,3,8.4,8.53
03/17/2019,3,2.6,0
03/18/2019,3,-1.9,0
03/19/2019,3,-0.2,0
03/20/2019,3,0.8,0
03/21/2019,3,2.3,0
03/22/2019,3,4.8,19.09
03/23/2019,3,1.2,32.65
03/24/2019,3,1.2,0
03/25/2019,3,6,0
03/26/2019,3,2.2,0
03/27/2019,3,0.6,0
03/28/2019,3,1.4,0
03/29/2019,3,4,0
03/30/2019,3,7.9,0.99
03/31/2019,3,12.8,0
04/01/2019,4,7.2,9.35
04/02/2019,4,-0.4,0
04/03/2019,4,2.7,2.08
04/04/2019,4,8.9,0
04/05/2019,4,3.7,0
04/06/2019,4,3,6.42
04/07/2019,4,8.7,0
04/08/2019,4,11.6,11.76
04/09/2019,4,5.3,8.86
04/10/2019,4,5.5,5.4
04/11/2019,4,3.4,0
04/12/2019,4,5.4,0
04/13/2019,4,9.5,31.24
04/14/2019,4,16.5,0.86
04/15/2019,4,16.7,21.64
04/16/2019,4,10.7,7.57
04/17/2019,4,8.1,0
04/18/2019,4,9.5,0.98
04/19/2019,4,12.1,0.6
04/20/2019,4,19.1,11.65
04/21/2019,4,16.4,20.95
04/22/2019,4,13.2,1.24
04/23/2019,4,14,4.67
04/24/2019,4,15,1.68
04/25/2019,4,10.1,0
04/26/2019,4,12.1,1.96
04/27/2019,4,8.8,58.15
04/28/2019,4,6.6,1.03
04/29/2019,4,4.4,2.28
04/30/2019,4,8,4.16
05/01/2019,5,7.4,0
05/02/2019,5,8.7,0.59
05/03/2019,5,10.2,0
05/04/2019,5,10.7,6.12
05/05/2019,5,14.2,2.9
05/06/2019,5,9.9,9.55
05/07/2019,5,11.9,0
05/08/2019,5,14.7,6.06
05/09/2019,5,12.4,0
05/10/2019,5,12.2,0
05/11/2019,5,13.2,2.71
05/12/2019,5,12.3,2.68
05/13/2019,5,5.6,19.64
05/14/2019,5,9.4,11.4
05/15/2019,5,6.5,0.33
05/16/2019,5,12.7,0.05
05/17/2019,5,13.2,0
05/18/2019,5,15.3,1.5
05/19/2019,5,15.7,0
05/20/2019,5,17.6,4.18
05/21/2019,5,18.4,9.01
05/22/2019,5,13.4,0
05/23/2019,5,15.2,0
05/24/2019,5,14.7,8.56
05/25/2019,5,14.1,0
05/26/2019,5,16.7,0
05/27/2019,5,21.9,0
05/28/2019,5,19.1,0
05/29/2019,5,13,9.41
05/30/2019,5,11.7,9.77
05/31/2019,5,13.6,6.49
06/01/2019,6,18.1,0
06/02/2019,6,18.4,0
06/03/2019,6,16.8,1.19
06/04/2019,6,12.2,0
06/05/2019,6,15.3,0
06/06/2019,6,20.8,0.7
06/07/2019,6,19.9,0
06/08/2019,6,18.4,0
06/09/2019,6,17.1,0
06/10/2019,6,15.6,0
06/11/2019,6,18.2,15.07
06/12/2019,6,15.9,3.1
06/13/2019,6,16.8,0.73
06/14/2019,6,12.3,12.69
06/15/2019,6,15.3,0
06/16/2019,6,18.3,2.96
06/17/2019,6,19.3,1.85
06/18/2019,6,20.5,0
06/19/2019,6,17.9,7.59
06/20/2019,6,19.5,1.03
06/21/2019,6,18.9,6.26
06/22/2019,6,17.7,5.42
06/23/2019,6,19.6,3.35
06/24/2019,6,21.2,0
06/25/2019,6,21.8,0
06/26/2019,6,19.7,5.22
06/27/2019,6,23.3,0
06/28/2019,6,23.3,0
06/29/2019,6,24.9,0
06/30/2019,6,23.4,2.24
07/01/2019,7,19.9,16.47
07/02/2019,7,22.8,0
07/03/2019,7,22,0
07/04/2019,7,24.4,0
07/05/2019,7,24.7,0
07/06/2019,7,25.2,0
07/07/2019,7,25.5,15.32
07/08/2019,7,20.6,0
07/09/2019,7,21.4,0
07/10/2019,7,22,0
07/11/2019,7,23.1,0
07/12/2019,7,23,14.84
07/13/2019,7,24.3,0
07/14/2019,7,23,0
07/15/2019,7,22.6,0
07/16/2019,7,21.2,0
07/17/2019,7,24.8,0
07/18/2019,7,25.6,15.21
07/19/2019,7,20.5,0
07/20/2019,7,26,0
07/21/2019,7,28,0.01
07/22/2019,7,26.8,0
07/23/2019,7,21.7,34.5
07/24/2019,7,18.5,5.4
07/25/2019,7,20.1,0
07/26/2019,7,21.2,0
07/27/2019,7,23,0
07/28/2019,7,21.1,1.01
07/29/2019,7,25,0
07/30/2019,7,25.3,0
07/31/2019,7,25.5,0
08/01/2019,8,24.5,8.79
08/02/2019,8,21.4,0
08/03/2019,8,22.5,0
08/04/2019,8,23.4,0
08/05/2019,8,21.6,0
08/06/2019,8,20.7,0
08/07/2019,8,20.4,0
08/08/2019,8,23.3,39.63
08/09/2019,8,22.4,0.51
08/10/2019,8,20.1,0
08/11/2019,8,19.1,0
08/12/2019,8,18.8,0
08/13/2019,8,23.1,0
08/14/2019,8,19,0.47
08/15/2019,8,21.6,0
08/16/2019,8,22.5,0
08/17/2019,8,22.8,0
08/18/2019,8,22.9,13.95
08/19/2019,8,24.3,5.23
08/20/2019,8,24.4,30.05
08/21/2019,8,22.9,0
08/22/2019,8,22.8,35.06
08/23/2019,8,23.1,1.06
08/24/2019,8,17.9,0
08/25/2019,8,17.6,0
08/26/2019,8,14.9,0
08/27/2019,8,16.1,0
08/28/2019,8,17.8,0
08/29/2019,8,19,48.49
08/30/2019,8,19,0
08/31/2019,8,20.3,0
09/01/2019,9,18,0
09/02/2019,9,17.8,0
09/03/2019,9,18.3,13.13
09/04/2019,9,20.7,0
09/05/2019,9,18.9,17.01
09/06/2019,9,16.2,0
09/07/2019,9,14.8,1.2
09/08/2019,9,16.4,0
09/09/2019,9,16.9,0
09/10/2019,9,17,0
09/11/2019,9,16.9,0
09/12/2019,9,21.5,0.49
09/13/2019,9,13.3,6.39
09/14/2019,9,14.2,0
09/15/2019,9,15.7,11.55
09/16/2019,9,19.5,0
09/17/2019,9,15.2,0
09/18/2019,9,15,0
09/19/2019,9,10.3,0
09/20/2019,9,12.3,0
09/21/2019,9,15.7,0
09/22/2019,9,19.7,0
09/23/2019,9,20.6,0
09/24/2019,9,21.6,6.45
09/25/2019,9,15.6,0
09/26/2019,9,15.6,0
09/27/2019,9,16.2,11.84
09/28/2019,9,15.7,0
09/29/2019,9,18.5,0.37
09/30/2019,9,15.4,0
10/01/2019,10,13.9,0
10/02/2019,10,17.5,0
10/03/2019,10,17.6,2.2
10/04/2019,10,9.5,3.44
10/05/2019,10,7.9,0
10/06/2019,10,8.5,0
10/07/2019,10,12.1,0
10/08/2019,10,16.9,5.61
10/09/2019,10,12.3,0
10/10/2019,10,10,5.95
10/11/2019,10,10.9,1.76
10/12/2019,10,11,0
10/13/2019,10,10.9,0
10/14/2019,10,12.2,0
10/15/2019,10,12.3,0
10/16/2019,10,8.4,0
10/17/2019,10,10,80.27
10/18/2019,10,9.2,2.6
10/19/2019,10,7.5,0
10/20/2019,10,7.2,0
10/21/2019,10,8.1,6.14
10/22/2019,10,12.1,0
10/23/2019,10,11,17.03
10/24/2019,10,10,0
10/25/2019,10,9.9,0
10/26/2019,10,11.4,0.1
10/27/2019,10,11.5,0.18
10/28/2019,10,9.3,31.17
10/29/2019,10,11.6,0
10/30/2019,10,10.6,3.04
10/31/2019,10,14,4.89
11/01/2019,11,14.5,12.08
11/02/2019,11,5.2,0
11/03/2019,11,4.1,0
11/04/2019,11,4.8,0
11/05/2019,11,6.6,0
11/06/2019,11,7,0.5
11/07/2019,11,5.2,0
11/08/2019,11,4.8,8.04
11/09/2019,11,-3.8,0
11/10/2019,11,-1.3,0
11/11/2019,11,4.2,0
11/12/2019,11,8.9,0
11/13/2019,11,0.4,1.49
11/14/2019,11,-6.6,0
11/15/2019,11,-2.4,0
11/16/2019,11,2.5,0
11/17/2019,11,-1.9,0
11/18/2019,11,-1.4,0
11/19/2019,11,3.3,9.37
11/20/2019,11,4,0.39
11/21/2019,11,1.6,0.8
11/22/2019,11,4.5,0
11/23/2019,11,4.8,3.6
11/24/2019,11,2.6,8.89
11/25/2019,11,3.3,45.73
11/26/2019,11,4.6,0
11/27/2019,11,7.6,0
11/28/2019,11,6.7,3.6
11/29/2019,11,2.7,0
11/30/2019,11,-0.3,0
12/01/2019,12,-3.2,0
12/02/2019,12,-3.5,21.79
12/03/2019,12,-1.5,10.19
12/04/2019,12,-1.8,0.53
12/05/2019,12,-1,0
12/06/2019,12,-0.2,0
12/07/2019,12,-0.9,0
12/08/2019,12,-6.5,0
12/09/2019,12,-4.7,2.79
12/10/2019,12,7.3,26.27
12/11/2019,12,4.6,15.42
12/12/2019,12,-4.6,0
12/13/2019,12,-4.7,0
12/14/2019,12,2.3,41.17
12/15/2019,12,9.1,3.37
12/16/2019,12,1.8,0
12/17/2019,12,-2.4,2.81
12/18/2019,12,-2,12.1
12/19/2019,12,-6.5,1.06
12/20/2019,12,-10.3,0
12/21/2019,12,-6.3,0
12/22/2019,12,-6,0
12/23/2019,12,-2.1,0
12/24/2019,12,3,0
12/25/2019,12,0.8,0
12/26/2019,12,0.2,0
12/27/2019,12,1.8,0
12/28/2019,12,5.3,0
12/29/2019,12,2.7,0
12/30/2019,12,1.8,21.95
12/31/2019,12,0.5,23.11
01/01/2020,1,0.9,0
01/02/2020,1,0.5,0
01/03/2020,1,3.1,0
01/04/2020,1,5.9,0.42
01/05/2020,1,3.3,4.13
01/06/2020,1,-1,0
01/07/2020,1,-0.5,0.47
01/08/2020,1,-0.1,0.95
01/09/2020,1,-3.1,0
01/10/2020,1,-5,0
01/11/2020,1,4.2,0
01/12/2020,1,13.8,3.77
01/13/2020,1,8.9,1.59
01/14/2020,1,1.9,0
01/15/2020,1,2.8,0.06
01/16/2020,1,2.6,2.14
01/17/2020,1,-1.7,1.15
01/18/2020,1,-7.9,0
01/19/2020,1,-5.7,9.02
01/20/2020,1,-3.5,0
01/21/2020,1,-8.1,0
01/22/2020,1,-8.3,0
01/23/2020,1,-6.3,0
01/24/2020,1,-1.1,0
01/25/2020,1,2,0
01/26/2020,1,4.5,28.13
01/27/2020,1,3.9,0
01/28/2020,1,2.4,0
01/29/2020,1,0,0
01/30/2020,1,-3,0
01/31/2020,1,-3.8,0
02/01/2020,2,-1,0
02/02/2020,2,0.9,0
02/03/2020,2,1.5,0
02/04/2020,2,2.9,0
02/05/2020,2,5.1,0.88
02/06/2020,2,1.6,8.73
02/07/2020,2,1.3,4.66
02/08/2020,2,2.6,7.2
02/09/2020,2,-3.7,0
02/10/2020,2,-1.9,2.52
02/11/2020,2,3.9,6.9
02/12/2020,2,2.4,6.36
02/13/2020,2,2.4,16.78
02/14/2020,2,-1.2,4.47
02/15/2020,2,-9.3,0
02/16/2020,2,-7.6,0
02/17/2020,2,-0.2,0
02/18/2020,2,1.5,0
02/19/2020,2,1.2,4.66
02/20/2020,2,-0.7,0
02/21/2020,2,-6,0
02/22/2020,2,-6.3,0
02/23/2020,2,1.3,0
02/24/2020,2,3.8,0
02/25/2020,2,7.5,0
02/26/2020,2,7.8,6.03
02/27/2020,2,7.2,16.71
02/28/2020,2,2.4,1.44
02/29/2020,2,-1.9,0
03/01/2020,3,-4.2,0
03/02/2020,3,-3.1,0
03/03/2020,3,5.3,0.09
03/04/2020,3,10.3,4.66
03/05/2020,3,5.9,0
03/06/2020,3,3.1,0
03/07/2020,3,3.7,0.22
03/08/2020,3,2.1,0
03/09/2020,3,5.7,0
03/10/2020,3,13.4,0
03/11/2020,3,10.1,0
03/12/2020,3,5.8,0
03/13/2020,3,5.1,9.01
03/14/2020,3,8.1,8.11
03/15/2020,3,5.4,0
03/16/2020,3,2.1,0
03/17/2020,3,0.5,3.14
03/18/2020,3,4,0.87
03/19/2020,3,6.5,16.31
03/20/2020,3,5.2,7.03
03/21/2020,3,10.6,0.2
03/22/2020,3,2.1,0
03/23/2020,3,0.8,0
03/24/2020,3,0.2,37.38
03/25/2020,3,3.6,0
03/26/2020,3,2.4,1
03/27/2020,3,6.5,0
03/28/2020,3,7.6,0
03/29/2020,3,6.8,17.53
03/30/2020,3,5.2,5.18
03/31/2020,3,3.3,0.07
04/01/2020,4,3.1,0
04/02/2020,4,4.1,0
04/03/2020,4,6.9,5.52
04/04/2020,4,6.9,1.51
04/05/2020,4,8,0
04/06/2020,4,8.8,0
04/07/2020,4,10.1,0
04/08/2020,4,11.1,3.37
04/09/2020,4,7.8,0.61
04/10/2020,4,5.3,17.72
04/11/2020,4,4.3,0
04/12/2020,4,3.6,0
04/13/2020,4,9.3,8.2
04/14/2020,4,9.6,45.75
04/15/2020,4,7.6,0
04/16/2020,4,4.6,0.14
04/17/2020,4,2.6,0
04/18/2020,4,4.2,13.46
04/19/2020,4,1.4,5
04/20/2020,4,8.5,0
04/21/2020,4,5.8,0
04/22/2020,4,4.3,12.66
04/23/2020,4,2.9,0
04/24/2020,4,5.3,3.58
04/25/2020,4,4.8,4.18
04/26/2020,4,10.5,0
04/27/2020,4,6.8,4.25
04/28/2020,4,3.5,3.12
04/29/2020,4,8,0
04/30/2020,4,10.5,2.92
05/01/2020,5,8.5,34.02
05/02/2020,5,12.2,0.94
05/03/2020,5,14,0.24
05/04/2020,5,18.5,0
05/05/2020,5,11.9,0
05/06/2020,5,8.1,0
05/07/2020,5,8.2,5.61
05/08/2020,5,10.6,0.22
05/09/2020,5,5.8,13.51
05/10/2020,5,2.9,0
05/11/2020,5,8.9,0
05/12/2020,5,9.2,7.18
05/13/2020,5,5.5,0
05/14/2020,5,8.3,0
05/15/2020,5,14.3,4.67
05/16/2020,5,18.2,19.14
05/17/2020,5,15.2,0
05/18/2020,5,14.1,0.31
05/19/2020,5,12.7,0
05/20/2020,5,10.5,0
05/21/2020,5,11.2,0
05/22/2020,5,13.7,0
05/23/2020,5,19.3,0.13
05/24/2020,5,14.4,0.56
05/25/2020,5,14.8,0.22
05/26/2020,5,15.9,1.06
05/27/2020,5,20.9,0
05/28/2020,5,21.6,0
05/29/2020,5,20.5,2.85
05/30/2020,5,21.1,0.49
05/31/2020,5,18.5,0
06/01/2020,6,10.3,0
06/02/2020,6,11,0
06/03/2020,6,14.7,0
06/04/2020,6,19.9,0
06/05/2020,6,22.9,1.31
06/06/2020,6,21.3,1.48
06/07/2020,6,21,1.52
06/08/2020,6,15.2,0
06/09/2020,6,18.8,0
06/10/2020,6,21.1,0
06/11/2020,6,22.6,0
06/12/2020,6,20,19.62
06/13/2020,6,19.4,0
06/14/2020,6,14.9,0
06/15/2020,6,15.5,0
06/16/2020,6,15.8,0
06/17/2020,6,16.7,0
06/18/2020,6,20.9,0
06/19/2020,6,21.6,0
06/20/2020,6,22.2,0
06/21/2020,6,23.5,0
06/22/2020,6,24.2,0
06/23/2020,6,23.9,1.67
06/24/2020,6,23.5,0
06/25/2020,6,21.5,0
06/26/2020,6,21,0
06/27/2020,6,21,0
06/28/2020,6,21,8.56
06/29/2020,6,23.4,1.68
06/30/2020,6,20.7,27.26
07/01/2020,7,18.8,1.5
07/02/2020,7,20,23.2
07/03/2020,7,24.5,0
07/04/2020,7,23.2,16.21
07/05/2020,7,22.9,0
07/06/2020,7,23.8,0
07/07/2020,7,21.7,6.74
07/08/2020,7,19.8,0.4
07/09/2020,7,23.9,0
07/10/2020,7,25.2,0
07/11/2020,7,24.1,4.57
07/12/2020,7,24.8,0
07/13/2020,7,24.3,0.68
07/14/2020,7,22.8,5.32
07/15/2020,7,22,4.12
07/16/2020,7,19.9,0
07/17/2020,7,19.2,5.94
07/18/2020,7,18.7,0.52
07/19/2020,7,24.4,0
07/20/2020,7,26.9,0
07/21/2020,7,25.5,0
07/22/2020,7,24.5,0.83
07/23/2020,7,24.2,0.63
07/24/2020,7,24,9.59
07/25/2020,7,23.3,0
07/26/2020,7,25.3,0
07/27/2020,7,26.3,0
07/28/2020,7,27.2,0
07/29/2020,7,24.5,0
07/30/2020,7,23.4,0
07/31/2020,7,24.3,0.28
08/01/2020,8,23.3,0
08/02/2020,8,25.5,0
08/03/2020,8,24.4,28.01
08/04/2020,8,26.2,1.02
08/05/2020,8,23.1,9.01
08/06/2020,8,22.1,0
08/07/2020,8,21.5,0
08/08/2020,8,22.5,0.54
08/09/2020,8,24,0
08/10/2020,8,24.4,0
08/11/2020,8,26.4,2.53
08/12/2020,8,26.3,10.29
08/13/2020,8,25.4,0
08/14/2020,8,23.4,0
08/15/2020,8,23.2,0
08/16/2020,8,19.9,0
08/17/2020,8,18,8.06
08/18/2020,8,21.8,12.55
08/19/2020,8,20.2,0
08/20/2020,8,18.6,0
08/21/2020,8,19.3,0
08/22/2020,8,22.9,0
08/23/2020,8,24.1,0
08/24/2020,8,24.3,0
08/25/2020,8,24.5,0
08/26/2020,8,21.6,4.51
08/27/2020,8,17.5,0
08/28/2020,8,18.3,6.79
08/29/2020,8,21.4,0.22
08/30/2020,8,20.2,7.74
08/31/2020,8,16.4,0
09/01/2020,9,17.1,0
09/02/2020,9,19.2,0
09/03/2020,9,19.3,10.35
09/04/2020,9,22.7,0.02
09/05/2020,9,19.9,0
09/06/2020,9,18.5,0
09/07/2020,9,19.8,0
09/08/2020,9,21.1,0
09/09/2020,9,22.7,0
09/10/2020,9,21.7,0
09/11/2020,9,22.7,2.05
09/12/2020,9,15.8,0
09/13/2020,9,15.7,0
09/14/2020,9,17.3,0
09/15/2020,9,14.4,0
09/16/2020,9,12.4,0
09/17/2020,9,14.8,0
09/18/2020,9,17.6,0
09/19/2020,9,11.3,0
09/20/2020,9,9.7,0
09/21/2020,9,9,0
09/22/2020,9,10.1,0
09/23/2020,9,11.8,0
09/24/2020,9,17.6,0
09/25/2020,9,17.3,0
09/26/2020,9,19.3,0
09/27/2020,9,19.6,0
09/28/2020,9,21.7,0.63
09/29/2020,9,21.3,0
09/30/2020,9,21,29.14
10/01/2020,10,15.5,2.13
10/02/2020,10,17.1,0
10/03/2020,10,10.5,0.32
10/04/2020,10,10.8,0
10/05/2020,10,11.8,0
10/06/2020,10,12.2,0.19
10/07/2020,10,13.5,0
10/08/2020,10,15.1,2.12
10/09/2020,10,8.9,0
10/10/2020,10,10.3,0
10/11/2020,10,17.5,0
10/12/2020,10,13.2,0
10/13/2020,10,9.8,17.6
10/14/2020,10,9.7,22.01
10/15/2020,10,13,0
10/16/2020,10,13.9,0
10/17/2020,10,11.5,33.16
10/18/2020,10,7,0.66
10/19/2020,10,8.4,0
10/20/2020,10,10.7,0
10/21/2020,10,15.1,0
10/22/2020,10,18.2,0
10/23/2020,10,20,0
10/24/2020,10,15.1,0
10/25/2020,10,10.7,0
10/26/2020,10,7.7,0.09
10/27/2020,10,9.1,0.17
10/28/2020,10,9,2.7
10/29/2020,10,7.3,7.25
10/30/2020,10,4,35.1
10/31/2020,10,-2.8,9.45
11/01/2020,11,0.7,0
11/02/2020,11,5.3,18.62
11/03/2020,11,2,0
11/04/2020,11,1.9,0
11/05/2020,11,7,0
11/06/2020,11,14.4,0
11/07/2020,11,15,0
11/08/2020,11,15.8,0
11/09/2020,11,14.6,0
11/10/2020,11,15,0
11/11/2020,11,15,0
11/12/2020,11,17.9,6.99
11/13/2020,11,9.5,2.88
11/14/2020,11,4.4,4.8
11/15/2020,11,2.2,0
11/16/2020,11,6.9,13.04
11/17/2020,11,4.7,0
11/18/2020,11,2.2,0
11/19/2020,11,-4.3,0
11/20/2020,11,0.7,0
11/21/2020,11,10.1,0
11/22/2020,11,7.3,0
11/23/2020,11,6.3,22.55
11/24/2020,11,5.5,19.13
11/25/2020,11,1.7,0
11/26/2020,11,5.7,7.77
11/27/2020,11,10.8,12.04
11/28/2020,11,8.5,0
11/29/2020,11,4.9,0.04
11/30/2020,11,5.1,0
12/01/2020,12,10.5,53.55
12/02/2020,12,6.6,0
12/03/2020,12,1.6,0
12/04/2020,12,4.3,0
12/05/2020,12,8.3,19.91
12/06/2020,12,1.7,44.82
12/07/2020,12,-1.4,0.74
12/08/2020,12,-1.7,0
12/09/2020,12,-3.8,0
12/10/2020,12,-1.6,0
12/11/2020,12,1.2,0
12/12/2020,12,3.1,0
12/13/2020,12,4.4,2.93
12/14/2020,12,6.8,0
12/15/2020,12,-0.2,3.81
12/16/2020,12,-4.2,0
12/17/2020,12,-6,26.43
12/18/2020,12,-5.5,2.99
12/19/2020,12,-6.8,0
12/20/2020,12,-6.4,0
12/21/2020,12,-2.7,1.67
12/22/2020,12,-0.4,0
12/23/2020,12,1.1,0
12/24/2020,12,0.7,0
12/25/2020,12,9.2,48.09
12/26/2020,12,5.5,23.84
12/27/2020,12,-3.7,0
12/28/2020,12,-1.7,0
12/29/2020,12,3.3,0
12/30/2020,12,-2.6,0
12/31/2020,12,-0.4,5.65
01/01/2021,1,-0.2,0.02
01/02/2021,1,0.2,8.64
01/03/2021,1,1.5,0.1
01/04/2021,1,-1.2,1.92
01/05/2021,1,0.7,0
01/06/2021,1,0.5,0
01/07/2021,1,0.3,0
01/08/2021,1,-0.8,0
01/09/2021,1,-1.3,0
01/10/2021,1,-2.1,0
01/11/2021,1,-1.4,0
01/12/2021,1,-2.9,0
01/13/2021,1,-1.5,0
01/14/2021,1,0,0
01/15/2021,1,1.5,0
01/16/2021,1,2.8,34.9
01/17/2021,1,2.9,10.62
01/18/2021,1,2.4,0
01/19/2021,1,0.9,0
01/20/2021,1,0.6,0
01/21/2021,1,-3.4,0
01/22/2021,1,-4,0
01/23/2021,1,-0.2,0
01/24/2021,1,-7,0
01/25/2021,1,-6.7,0
01/26/2021,1,-4.4,0
01/27/2021,1,-2.8,8.3
01/28/2021,1,-2.2,0
01/29/2021,1,-8.7,0
01/30/2021,1,-12.4,0
01/31/2021,1,-10.9,0
02/01/2021,2,-10.4,1.71
02/02/2021,2,-3.2,20.99
02/03/2021,2,-1.5,0
02/04/2021,2,-1.5,0
02/05/2021,2,-1.9,0
02/06/2021,2,-0.3,0
02/07/2021,2,0.1,0
02/08/2021,2,-5.9,10.62
02/09/2021,2,-7.1,0
02/10/2021,2,-6.7,2.41
02/11/2021,2,-5.6,0.44
02/12/2021,2,-6.9,0
02/13/2021,2,-7.5,0
02/14/2021,2,-4.8,0
02/15/2021,2,-0.3,0
02/16/2021,2,0,17.5
02/17/2021,2,0.2,5.74
02/18/2021,2,-4.3,0.31
02/19/2021,2,-4.6,3.67
02/20/2021,2,-3.5,4.7
02/21/2021,2,-4,0
02/22/2021,2,-4.4,0
02/23/2021,2,-0.7,9.23
02/24/2021,2,2.8,0
02/25/2021,2,5.7,0
02/26/2021,2,1,0
02/27/2021,2,1.6,0
02/28/2021,2,3.8,6.61
03/01/2021,3,3.2,5.5
03/02/2021,3,-2.2,1.44
03/03/2021,3,-6.5,0
03/04/2021,3,2.5,0
03/05/2021,3,-2,0
03/06/2021,3,-3.9,0
03/07/2021,3,-4.8,0
03/08/2021,3,-2.3,0
03/09/2021,3,-1.1,0
03/10/2021,3,5.3,0
03/11/2021,3,6,0
03/12/2021,3,12.5,0
03/13/2021,3,7.2,0
03/14/2021,3,2.3,0
03/15/2021,3,-1.7,0
03/16/2021,3,-6,0
03/17/2021,3,-3.4,0
03/18/2021,3,3.1,0
03/19/2021,3,2,23.14
03/20/2021,3,0.1,0
03/21/2021,3,5.3,0
03/22/2021,3,8.2,0
03/23/2021,3,7.4,0
03/24/2021,3,9.9,0
03/25/2021,3,10.2,8.54
03/26/2021,3,16.3,2.11
03/27/2021,3,13.9,0
03/28/2021,3,11,0
03/29/2021,3,9.1,26.86
03/30/2021,3,2.5,0
03/31/2021,3,6.2,0
04/01/2021,4,11,12.1
04/02/2021,4,1.5,0
04/03/2021,4,-2.3,0
04/04/2021,4,3,0
04/05/2021,4,8.4,0
04/06/2021,4,10.1,0
04/07/2021,4,10.4,0
04/08/2021,4,12.3,0
04/09/2021,4,12.2,0
04/10/2021,4,12.8,0
04/11/2021,4,14.9,0
04/12/2021,4,9.5,1.45
04/13/2021,4,6.8,0
04/14/2021,4,11.8,0
04/15/2021,4,12.8,0
04/16/2021,4,4,30.87
04/17/2021,4,1.8,14.35
04/18/2021,4,6,0
04/19/2021,4,9.5,0
04/20/2021,4,10.7,0
04/21/2021,4,13.8,0
04/22/2021,4,8.2,9.22
04/23/2021,4,3.3,0.7
04/24/2021,4,8.4,0
04/25/2021,4,13.6,3.8
04/26/2021,4,7.6,9.19
04/27/2021,4,7.6,0
04/28/2021,4,12.5,0.32
04/29/2021,4,16.8,0
04/30/2021,4,12.4,6.24
05/01/2021,5,9.8,0.99
05/02/2021,5,9.4,0
05/03/2021,5,16.7,3.54
05/04/2021,5,15.1,23.35
05/05/2021,5,10.7,1.29
05/06/2021,5,9.7,2.79
05/07/2021,5,11.1,0
05/08/2021,5,10.6,0
05/09/2021,5,9.4,0
05/10/2021,5,11.7,26.15
05/11/2021,5,10.8,0
05/12/2021,5,10.7,0
05/13/2021,5,11.1,0
05/14/2021,5,13,0
05/15/2021,5,16.3,0
05/16/2021,5,17.9,0
05/17/2021,5,16.6,1.61
05/18/2021,5,16.4,1.5
05/19/2021,5,19.6,0
05/20/2021,5,18.2,0
05/21/2021,5,17,0
05/22/2021,5,18.4,0
05/23/2021,5,22.8,0
05/24/2021,5,18.7,2.12
05/25/2021,5,13.5,0
05/26/2021,5,16.9,0
05/27/2021,5,22.8,28.91
05/28/2021,5,17,0
05/29/2021,5,11.3,51.01
05/30/2021,5,7.3,4.62
05/31/2021,5,8.2,43.77
06/01/2021,6,11.6,0
06/02/2021,6,16.3,0
06/03/2021,6,19.2,0
06/04/2021,6,17.3,0.43
06/05/2021,6,18.4,19.89
06/06/2021,6,22.9,0
06/07/2021,6,24.9,0
06/08/2021,6,26,0
06/09/2021,6,26.4,0.42
06/10/2021,6,23.4,0
06/11/2021,6,17.5,0
06/12/2021,6,18.4,1.69
06/13/2021,6,17.4,0.85
06/14/2021,6,19.1,0.53
06/15/2021,6,16.2,21.29
06/16/2021,6,18.7,0
06/17/2021,6,15.7,0
06/18/2021,6,17,0
06/19/2021,6,21.3,0
06/20/2021,6,22.7,2.39
06/21/2021,6,23,0
06/22/2021,6,22.8,0
06/23/2021,6,17.3,11.08
06/24/2021,6,15.2,0
06/25/2021,6,18.1,1.29
06/26/2021,6,19.2,0.41
06/27/2021,6,23,0
06/28/2021,6,24.4,0
06/29/2021,6,26.9,0
06/30/2021,6,27.3,15.96
07/01/2021,7,27,12.43
07/02/2021,7,22.2,30.14
07/03/2021,7,16.9,16.5
07/04/2021,7,13.9,4.7
07/05/2021,7,17.2,0
07/06/2021,7,18.1,0
07/07/2021,7,24.4,26.51
07/08/2021,7,23.9,24.67
07/09/2021,7,18.8,27.19
07/10/2021,7,21.9,95.83
07/11/2021,7,20.6,0
07/12/2021,7,21.6,5.97
07/13/2021,7,18.8,8.32
07/14/2021,7,18.9,7.78
07/15/2021,7,23.1,9.7
07/16/2021,7,25.2,0
07/17/2021,7,25.8,9.34
07/18/2021,7,25.2,89.45
07/19/2021,7,23.1,2.95
07/20/2021,7,20.8,1.22
07/21/2021,7,23.2,0
07/22/2021,7,19.9,0
07/23/2021,7,21,0
07/24/2021,7,19.9,0.74
07/25/2021,7,21.8,0.92
07/26/2021,7,21.1,2.36
07/27/2021,7,22.5,0
07/28/2021,7,23.6,10.96
07/29/2021,7,20,0
07/30/2021,7,20.3,5.23
07/31/2021,7,18.6,0
08/01/2021,8,16.3,0
08/02/2021,8,19,0
08/03/2021,8,18,0
08/04/2021,8,18.3,0
08/05/2021,8,18.5,2.32
08/06/2021,8,18.1,1.1
08/07/2021,8,22.7,0
08/08/2021,8,23.9,0
08/09/2021,8,22,0
08/10/2021,8,21.6,0
08/11/2021,8,21.9,0.3
08/12/2021,8,25.6,0
08/13/2021,8,26.3,16.07
08/14/2021,8,26.9,0
08/15/2021,8,22.5,4.01
08/16/2021,8,20.2,0
08/17/2021,8,20.4,0
08/18/2021,8,21.7,0
08/19/2021,8,23,18.26
08/20/2021,8,23.4,43.53
08/21/2021,8,23.1,1.44
08/22/2021,8,24.9,0.83
08/23/2021,8,21.2,34.53
08/24/2021,8,22,21.33
08/25/2021,8,24.1,0
08/26/2021,8,25.1,0
08/27/2021,8,26.8,0
08/28/2021,8,25.3,0
08/29/2021,8,18.2,11.46
08/30/2021,8,18.3,0
08/31/2021,8,22.9,0
09/01/2021,9,22,0.11
09/02/2021,9,16.2,134.13
09/03/2021,9,16.3,0
09/04/2021,9,16.5,0
09/05/2021,9,18.2,0
09/06/2021,9,17.7,3.27
09/07/2021,9,19.1,0
09/08/2021,9,18.4,0
09/09/2021,9,21.6,15.81
09/10/2021,9,18.6,27.92
09/11/2021,9,15.8,0
09/12/2021,9,17.3,0
09/13/2021,9,21.5,0
09/14/2021,9,18.3,0
09/15/2021,9,18.4,0
09/16/2021,9,22.6,9.69
09/17/2021,9,19.1,1.65
09/18/2021,9,18.4,0
09/19/2021,9,19.7,0
09/20/2021,9,16.4,0
09/21/2021,9,15.7,0
09/22/2021,9,17.3,0.4
09/23/2021,9,20.5,10.69
09/24/2021,9,22.8,8.75
09/25/2021,9,16.6,22.92
09/26/2021,9,18.1,0
09/27/2021,9,14.9,0
09/28/2021,9,16.2,0
09/29/2021,9,13.2,12.25
09/30/2021,9,12.8,0.11
10/01/2021,10,10.6,0
10/02/2021,10,12,0
10/03/2021,10,15.3,0
10/04/2021,10,17.3,25.15
10/05/2021,10,12.6,26.94
10/06/2021,10,12.3,0
10/07/2021,10,15.9,0
10/08/2021,10,16.6,0
10/09/2021,10,17,0
10/10/2021,10,14.1,0
10/11/2021,10,14.2,0
10/12/2021,10,15.4,0
10/13/2021,10,15.8,0
10/14/2021,10,15.9,0
10/15/2021,10,18.5,0
10/16/2021,10,18.9,0
10/17/2021,10,15.8,8.33
10/18/2021,10,10.9,0
10/19/2021,10,8.8,0
10/20/2021,10,10.4,0
10/21/2021,10,15.9,0
10/22/2021,10,16,0
10/23/2021,10,12.7,0
10/24/2021,10,8.8,0
10/25/2021,10,8.8,9.36
10/26/2021,10,10.8,22.41
10/27/2021,10,12,21.87
10/28/2021,10,8.5,0.45
10/29/2021,10,5.6,0
10/30/2021,10,6.2,2.34
10/31/2021,10,13,24.24
11/01/2021,11,13,0
11/02/2021,11,9,0
11/03/2021,11,6.3,0
11/04/2021,11,4.1,0
11/05/2021,11,3.7,0
11/06/2021,11,3.2,0
11/07/2021,11,3.9,0
11/08/2021,11,5.6,0
11/09/2021,11,8,0
11/10/2021,11,11.4,0
11/11/2021,11,7.4,0
11/12/2021,11,7.1,4.14
11/13/2021,11,8.3,10.82
11/14/2021,11,8,10.37
11/15/2021,11,5,1.44
11/16/2021,11,4.1,0
11/17/2021,11,2.5,0
11/18/2021,11,5,0
11/19/2021,11,10.7,5.62
11/20/2021,11,1.6,0
11/21/2021,11,3,0
11/22/2021,11,7.2,7.54
11/23/2021,11,3.9,1.16
11/24/2021,11,-1,0
11/25/2021,11,0.2,0
11/26/2021,11,5.2,0.75
11/27/2021,11,2.5,4.9
11/28/2021,11,-0.6,0
11/29/2021,11,-1.5,0
11/30/2021,11,-1.1,0
12/01/2021,12,-1.4,0
12/02/2021,12,3.2,1.04
12/03/2021,12,7.3,1.18
12/04/2021,12,1.3,0
12/05/2021,12,0.1,0
12/06/2021,12,4.9,3.54
12/07/2021,12,7.4,9.02
12/08/2021,12,0.3,0
12/09/2021,12,-1.6,3.16
12/10/2021,12,-1.7,0
12/11/2021,12,2.1,1.12
12/12/2021,12,9.4,8.68
12/13/2021,12,3.4,0
12/14/2021,12,6,0
12/15/2021,12,3.3,0
12/16/2021,12,4.4,3.44
12/17/2021,12,12.4,0
12/18/2021,12,7.9,0
12/19/2021,12,2,12.23
12/20/2021,12,-3.4,0
12/21/2021,12,-3.7,0
12/22/2021,12,0.6,1.61
12/23/2021,12,0.7,3.8
12/24/2021,12,-4,2.96
12/25/2021,12,-4.1,2.89
12/26/2021,12,0.4,9.32
12/27/2021,12,1.1,0
12/28/2021,12,-0.8,1.31
12/29/2021,12,3,2.23
12/30/2021,12,2.3,1.31
12/31/2021,12,4.2,2.94
01/01/2022,1,4.9,0.74
01/02/2022,1,8.1,7.4
01/03/2022,1,3.5,0.08
01/04/2022,1,-6.9,0
01/05/2022,1,-5.5,0.33
01/06/2022,1,2.2,7.5
01/07/2022,1,-0.9,13.02
01/08/2022,1,-6.2,2.71
01/09/2022,1,-7.1,0
01/10/2022,1,-0.5,2.84
01/11/2022,1,-8,0
01/12/2022,1,-13.9,0
01/13/2022,1,-4.9,0
01/14/2022,1,1.6,0
01/15/2022,1,-7.1,0
01/16/2022,1,-15.5,0
01/17/2022,1,-7.3,12.64
01/18/2022,1,0.5,6.84
01/19/2022,1,-6,0
01/20/2022,1,-0.1,3.84
01/21/2022,1,-6.2,1.87
01/22/2022,1,-10.5,0
01/23/2022,1,-7.5,0
01/24/2022,1,-4.9,0
01/25/2022,1,-3.4,2.04
01/26/2022,1,-4,0
01/27/2022,1,-11.7,0
01/28/2022,1,-9.2,0
01/29/2022,1,-3.6,6.34
01/30/2022,1,-11.1,17.33
01/31/2022,1,-11.7,0
02/01/2022,2,-8.9,0
02/02/2022,2,-4.9,0
02/03/2022,2,2.5,0
02/04/2022,2,4.1,25.59
02/05/2022,2,-3,11.4
02/06/2022,2,-10.8,0
02/07/2022,2,-7.6,0
02/08/2022,2,-1.2,16.74
02/09/2022,2,0,0
02/10/2022,2,0.2,0
02/11/2022,2,1.8,0
02/12/2022,2,4.7,0
02/13/2022,2,3.5,1.66
02/14/2022,2,-6.1,3.26
02/15/2022,2,-10.7,0
02/16/2022,2,-8.5,0
02/17/2022,2,-0.1,0
02/18/2022,2,10.7,15.72
02/19/2022,2,0.9,3.85
02/20/2022,2,-4.9,1.06
02/21/2022,2,-5.2,0
02/22/2022,2,4.9,0
02/23/2022,2,5.7,21.46
02/24/2022,2,6.9,0
02/25/2022,2,-4.4,11.75
02/26/2022,2,-5.6,13.39
02/27/2022,2,-5.4,0
02/28/2022,2,-1.8,0
03/01/2022,3,-6.1,0
03/02/2022,3,-1.6,3.56
03/03/2022,3,1.7,4.09
03/04/2022,3,-4.2,0
03/05/2022,3,-4.5,0
03/06/2022,3,-0.6,0
03/07/2022,3,9.6,2.06
03/08/2022,3,8.4,4.18
03/09/2022,3,1.1,0
03/10/2022,3,-1.6,9.4
03/11/2022,3,2.6,0
03/12/2022,3,5.8,1.18
03/13/2022,3,-0.1,10.37
03/14/2022,3,-3.4,0
03/15/2022,3,4.1,0
03/16/2022,3,9,1.14
03/17/2022,3,8.6,0
03/18/2022,3,8.8,2.57
03/19/2022,3,15.1,1.19
03/20/2022,3,11.9,1.62
03/21/2022,3,7.8,0
03/22/2022,3,7.2,0
03/23/2022,3,4,0
03/24/2022,3,4.5,13.41
03/25/2022,3,3.7,21.18
03/26/2022,3,8.3,0
03/27/2022,3,6.7,0.8
03/28/2022,3,-0.2,0
03/29/2022,3,-5.9,0
03/30/2022,3,-2.6,0
03/31/2022,3,1.7,0
04/01/2022,4,9.8,24.94
04/02/2022,4,6.2,2.77
04/03/2022,4,5,0
04/04/2022,4,5.3,3.18
04/05/2022,4,5.5,0
04/06/2022,4,9.1,4.8
04/07/2022,4,5.8,1.8
04/08/2022,4,8.3,27.42
04/09/2022,4,10.2,0.26
04/10/2022,4,7.1,2.46
04/11/2022,4,4.6,0
04/12/2022,4,9.6,0.98
04/13/2022,4,11.9,3.66
04/14/2022,4,14.5,0
04/15/2022,4,15.1,4.6
04/16/2022,4,13.9,0
04/17/2022,4,10.6,6.61
04/18/2022,4,3.1,0
04/19/2022,4,8.4,31.95
04/20/2022,4,6,1.59
04/21/2022,4,6.1,0
04/22/2022,4,9.4,0
04/23/2022,4,10.1,0
04/24/2022,4,12.1,0
04/25/2022,4,7.9,0.05
04/26/2022,4,11.3,0
04/27/2022,4,8.4,3.24
04/28/2022,4,6.8,0
04/29/2022,4,6.1,0
04/30/2022,4,8.2,0
05/01/2022,5,9.3,0
05/02/2022,5,12.3,0
05/03/2022,5,9.6,4.46
05/04/2022,5,9.8,0
05/05/2022,5,10.6,2.4
05/06/2022,5,14.5,0
05/07/2022,5,12.2,0.37
05/08/2022,5,8.5,0.34
05/09/2022,5,8,0
05/10/2022,5,11,0
05/11/2022,5,13,0
05/12/2022,5,17.2,0
05/13/2022,5,19.8,0
05/14/2022,5,21.2,0
05/15/2022,5,21.7,3.1
05/16/2022,5,20.5,1.48
05/17/2022,5,18.7,6.66
05/18/2022,5,15.4,0
05/19/2022,5,14.5,5.89
05/20/2022,5,10.7,3.65
05/21/2022,5,15.9,1.43
05/22/2022,5,24.1,0
05/23/2022,5,21.4,1.64
05/24/2022,5,16.5,0
05/25/2022,5,13.1,0
05/26/2022,5,13.7,0
05/27/2022,5,14.9,0
05/28/2022,5,20.5,9.76
05/29/2022,5,17.8,7.74
05/30/2022,5,18,0
05/31/2022,5,23,0
06/01/2022,6,21.3,0
06/02/2022,6,14.7,1.15
06/03/2022,6,18,0.11
06/04/2022,6,18.4,4.05
06/05/2022,6,16.5,0
06/06/2022,6,15.6,0
06/07/2022,6,18.8,0
06/08/2022,6,19.1,12.35
06/09/2022,6,19.8,22.66
06/10/2022,6,19.4,3.64
06/11/2022,6,18.4,0
06/12/2022,6,17.5,0.1
06/13/2022,6,18.8,3.21
06/14/2022,6,20.5,0
06/15/2022,6,19.8,0
06/16/2022,6,19.5,0
06/17/2022,6,19.1,0
06/18/2022,6,22.6,1.06
06/19/2022,6,14.5,4.75
06/20/2022,6,15.5,0.41
06/21/2022,6,17.6,0
06/22/2022,6,18.4,4
06/23/2022,6,15.3,4.15
06/24/2022,6,17.8,0
06/25/2022,6,19.1,0
06/26/2022,6,23,0
06/27/2022,6,24.8,0
06/28/2022,6,16.8,21.58
06/29/2022,6,18.4,0
06/30/2022,6,20.2,0
07/01/2022,7,20.5,0
07/02/2022,7,24.4,13.03
07/03/2022,7,23.5,0
07/04/2022,7,20.7,0
07/05/2022,7,20.7,0
07/06/2022,7,20.1,2.9
07/07/2022,7,20.6,0
07/08/2022,7,19.7,0
07/09/2022,7,22.1,0
07/10/2022,7,19.9,0
07/11/2022,7,19.3,0
07/12/2022,7,20.6,0
07/13/2022,7,22.7,8.52
07/14/2022,7,23,1.2
07/15/2022,7,21.5,0.17
07/16/2022,7,21.2,0
07/17/2022,7,21.9,0
07/18/2022,7,24.2,0
07/19/2022,7,22.5,14.28
07/20/2022,7,25.2,0
07/21/2022,7,26.5,0
07/22/2022,7,25.7,0
07/23/2022,7,24.6,0
07/24/2022,7,25.8,0
07/25/2022,7,26.7,0.55
07/26/2022,7,22.5,1.64
07/27/2022,7,19.7,0
07/28/2022,7,21.9,0.7
07/29/2022,7,23.8,3.52
07/30/2022,7,24.8,0
07/31/2022,7,21.9,0.82
08/01/2022,8,23.3,3.15
08/02/2022,8,22,0
08/03/2022,8,24.4,0.39
08/04/2022,8,24,0
08/05/2022,8,26.7,0
08/06/2022,8,25,0
08/07/2022,8,26.9,0
08/08/2022,8,26.3,0
08/09/2022,8,27,2.88
08/10/2022,8,26.1,0.75
08/11/2022,8,22.4,0
08/12/2022,8,22.5,0
08/13/2022,8,20.1,0
08/14/2022,8,18.1,0
08/15/2022,8,19.7,0
08/16/2022,8,20.2,0
08/17/2022,8,21.1,1.13
08/18/2022,8,19.9,3.15
08/19/2022,8,20.8,0
08/20/2022,8,23.9,0
08/21/2022,8,24.9,0
08/22/2022,8,22.6,0
08/23/2022,8,20,22.19
08/24/2022,8,20.8,38.74
08/25/2022,8,23.6,0
08/26/2022,8,24,0
08/27/2022,8,23.7,26.05
08/28/2022,8,22.5,0.9
08/29/2022,8,21.7,0
08/30/2022,8,23.6,0
08/31/2022,8,23.6,12.8
09/01/2022,9,20.1,0
09/02/2022,9,16.5,0
09/03/2022,9,17.9,0
09/04/2022,9,19.6,0.37
09/05/2022,9,22.1,3.35
09/06/2022,9,20.3,38.84
09/07/2022,9,15.9,31.48
09/08/2022,9,16,0
09/09/2022,9,17,0
09/10/2022,9,19.4,0
09/11/2022,9,21.6,0
09/12/2022,9,19.5,2.55
09/13/2022,9,21.6,3.73
09/14/2022,9,18.3,8.7
09/15/2022,9,18.5,0
09/16/2022,9,13.2,0
09/17/2022,9,14.3,0
09/18/2022,9,15.4,0
09/19/2022,9,21.1,0
09/20/2022,9,19.9,12.73
09/21/2022,9,18.4,0.77
09/22/2022,9,17.9,0.04
09/23/2022,9,13.6,25.54
09/24/2022,9,9.1,0
09/25/2022,9,11.3,0
09/26/2022,9,12.9,6.59
09/27/2022,9,15.8,3.4
09/28/2022,9,13.9,0
09/29/2022,9,13.2,0
09/30/2022,9,11,0
10/01/2022,10,11.6,0
10/02/2022,10,10.9,2.06
10/03/2022,10,10,0
10/04/2022,10,9.2,1
10/05/2022,10,10.7,16.07
10/06/2022,10,12.7,10.86
10/07/2022,10,16.1,0
10/08/2022,10,15.2,0.12
10/09/2022,10,7,0
10/10/2022,10,8.4,0
10/11/2022,10,10.3,0
10/12/2022,10,11.5,0
10/13/2022,10,13.4,1.02
10/14/2022,10,14.1,34.95
10/15/2022,10,11.3,0.94
10/16/2022,10,12.8,0
10/17/2022,10,12.3,0
10/18/2022,10,11.1,19.89
10/19/2022,10,7.5,1.78
10/20/2022,10,6.1,0
10/21/2022,10,6.8,0
10/22/2022,10,9.5,0
10/23/2022,10,11,0.17
10/24/2022,10,9.9,1.94
10/25/2022,10,12.7,4.64
10/26/2022,10,17.1,16.09
10/27/2022,10,16.8,1.32
10/28/2022,10,9.8,0
10/29/2022,10,5.7,0
10/30/2022,10,7.3,0
10/31/2022,10,9.6,0
11/01/2022,11,13.4,3.05
11/02/2022,11,13.4,0.84
11/03/2022,11,12,0
11/04/2022,11,12.2,0
11/05/2022,11,14.2,0
11/06/2022,11,19,0
11/07/2022,11,20.1,0
11/08/2022,11,14.1,0
11/09/2022,11,5.6,0
11/10/2022,11,5.8,0
11/11/2022,11,12.4,0
11/12/2022,11,16.6,28.01
11/13/2022,11,14,7.08
11/14/2022,11,4.8,4.78
11/15/2022,11,0.2,0
11/16/2022,11,1.1,18.66
11/17/2022,11,3.2,1.28
11/18/2022,11,2,0.01
11/19/2022,11,-0.3,0
11/20/2022,11,-0.1,0
11/21/2022,11,-3.2,0
11/22/2022,11,-2.1,0
11/23/2022,11,3.1,0
11/24/2022,11,3.1,0
11/25/2022,11,3.3,0
11/26/2022,11,5.5,0.49
11/27/2022,11,6.5,0
11/28/2022,11,8.7,12.45
11/29/2022,11,3.6,0
11/30/2022,11,1.7,0
12/01/2022,12,6.7,23.97
12/02/2022,12,0,0
12/03/2022,12,2.6,0
12/04/2022,12,6.6,17.44
12/05/2022,12,-0.5,0
12/06/2022,12,1.5,0
12/07/2022,12,9.3,25.9
12/08/2022,12,10.3,8.25
12/09/2022,12,4.2,0
12/10/2022,12,1.9,0
12/11/2022,12,-1,0
12/12/2022,12,-2.4,6.62
12/13/2022,12,-3.8,0
12/14/2022,12,-1.9,0
12/15/2022,12,-2.2,0
12/16/2022,12,0.1,13.32
12/17/2022,12,2.3,15.01
12/18/2022,12,0.2,0
12/19/2022,12,-1.5,0
12/20/2022,12,-0.2,0
12/21/2022,12,-3.8,0
12/22/2022,12,-2.2,0
12/23/2022,12,4.6,34.99
12/24/2022,12,-1.1,8.08
12/25/2022,12,-13.3,0
12/26/2022,12,-9.7,0
12/27/2022,12,-4.7,0
12/28/2022,12,-4,0
12/29/2022,12,-0.3,0
12/30/2022,12,2.8,0
12/31/2022,12,7.9,0
01/01/2023,1,8.8,14.22
01/02/2023,1,4.8,0
01/03/2023,1,3.7,0
01/04/2023,1,4.9,18.7
01/05/2023,1,7.7,5.12
01/06/2023,1,3.8,0.76
01/07/2023,1,0.9,7.53
01/08/2023,1,-0.3,0
01/09/2023,1,-0.9,0.13
01/10/2023,1,-0.2,0
01/11/2023,1,-1.3,0
01/12/2023,1,-1.9,0
01/13/2023,1,5.4,22.97
01/14/2023,1,4.5,2.61
01/15/2023,1,-1.8,0
01/16/2023,1,-0.6,0
01/17/2023,1,-1.3,0
01/18/2023,1,2.2,0
01/19/2023,1,3.9,0
01/20/2023,1,1.7,33.12
01/21/2023,1,1.1,1.46
01/22/2023,1,-0.5,1.62
01/23/2023,1,-0.4,17.9
01/24/2023,1,-0.4,8.85
01/25/2023,1,-0.3,0
01/26/2023,1,4.2,38.28
01/27/2023,1,2,0
01/28/2023,1,0.4,0
01/29/2023,1,4,0
01/30/2023,1,4.3,0
01/31/2023,1,4.3,0.29
02/01/2023,2,-2.4,0
02/02/2023,2,-4.9,0
02/03/2023,2,-3.8,0
02/04/2023,2,-15.6,0
02/05/2023,2,-13.3,0
02/06/2023,2,1.9,0
02/07/2023,2,1.6,0
02/08/2023,2,-0.9,3.11
02/09/2023,2,2.5,0
02/10/2023,2,4.1,0
02/11/2023,2,7.5,0
02/12/2023,2,1.1,0
02/13/2023,2,3.4,0
02/14/2023,2,4.6,0
02/15/2023,2,4.5,0
02/16/2023,2,7,0
02/17/2023,2,12.7,0.47
02/18/2023,2,3.3,4.51
02/19/2023,2,-1.2,0
02/20/2023,2,3.3,0
02/21/2023,2,7.2,2.63
02/22/2023,2,0.9,2.68
02/23/2023,2,1.3,10.78
02/24/2023,2,-0.5,2.69
02/25/2023,2,-4.6,0
02/26/2023,2,-8.3,1.44
02/27/2023,2,-2.1,0
02/28/2023,2,-0.6,15.69
03/01/2023,3,-0.8,4.33
03/02/2023,3,2.1,4.32
03/03/2023,3,1.5,1.37
03/04/2023,3,3,14.93
03/05/2023,3,1.1,4.37
03/06/2023,3,3.5,0
03/07/2023,3,4.4,0
03/08/2023,3,0.6,0
03/09/2023,3,2.8,0
03/10/2023,3,3.2,0
03/11/2023,3,4.3,5.15
03/12/2023,3,0.2,0.06
03/13/2023,3,3.8,0
03/14/2023,3,3,42.38
03/15/2023,3,2,12.48
03/16/2023,3,0.6,0
03/17/2023,3,3.7,0
03/18/2023,3,6.9,0
03/19/2023,3,3,0
03/20/2023,3,-1,0
03/21/2023,3,3,0
03/22/2023,3,7.3,0
03/23/2023,3,9.5,0
03/24/2023,3,7.2,4.06
03/25/2023,3,5.1,0
03/26/2023,3,2.8,4.55
03/27/2023,3,7.5,0
03/28/2023,3,7.9,8.71
03/29/2023,3,2.9,1.07
03/30/2023,3,4,0.72
03/31/2023,3,-1,0
04/01/2023,4,2.6,1.59
04/02/2023,4,10,11.5
04/03/2023,4,2.2,0
04/04/2023,4,4.5,0
04/05/2023,4,12.2,0
04/06/2023,4,5.5,0.65
04/07/2023,4,12.4,0
04/08/2023,4,4.7,0
04/09/2023,4,3.6,0
04/10/2023,4,4.3,0
04/11/2023,4,9.2,0
04/12/2023,4,14.5,0
04/13/2023,4,17,0
04/14/2023,4,23.1,0
04/15/2023,4,22.3,0
04/16/2023,4,17.1,0.55
04/17/2023,4,13.6,0
04/18/2023,4,10.4,1.63
04/19/2023,4,7.2,0
04/20/2023,4,6.1,0
04/21/2023,4,11.2,0
04/22/2023,4,13.6,0
04/23/2023,4,11.2,49.21
04/24/2023,4,9,39.54
04/25/2023,4,8.1,0
04/26/2023,4,8.1,0
04/27/2023,4,9.7,0
04/28/2023,4,7.7,5.05
04/29/2023,4,10.1,1.34
04/30/2023,4,10.1,8.5
05/01/2023,5,12.5,38.48
05/02/2023,5,10.3,1.36
05/03/2023,5,7,4.6
05/04/2023,5,9.5,4.61
05/05/2023,5,8.3,0.9
05/06/2023,5,10.8,0.61
05/07/2023,5,15.3,0
05/08/2023,5,17.2,3.83
05/09/2023,5,13.6,0
05/10/2023,5,11,0
05/11/2023,5,13.2,0
05/12/2023,5,18.5,0
05/13/2023,5,21.9,0
05/14/2023,5,16.3,0
05/15/2023,5,12,0
05/16/2023,5,14.8,0
05/17/2023,5,16.7,0
05/18/2023,5,6.4,0
05/19/2023,5,9.3,0
05/20/2023,5,11.5,0
05/21/2023,5,14.2,39.26
05/22/2023,5,14,0
05/23/2023,5,14,0
05/24/2023,5,13.3,0
05/25/2023,5,14.5,1.47
05/26/2023,5,10.2,0
05/27/2023,5,13.9,0
05/28/2023,5,17.4,0
05/29/2023,5,19.2,0
05/30/2023,5,14.4,0
05/31/2023,5,14,0
06/01/2023,6,17.5,0
06/02/2023,6,21.1,0
06/03/2023,6,21,28.99
06/04/2023,6,10.3,0.51
06/05/2023,6,11.1,0
06/06/2023,6,14,0
06/07/2023,6,15.1,0.51
06/08/2023,6,13.4,0
06/09/2023,6,12.7,0
06/10/2023,6,15.6,1.49
06/11/2023,6,16.4,0
06/12/2023,6,20.7,0
06/13/2023,6,20.2,5.79
06/14/2023,6,18.5,0
06/15/2023,6,18.4,6.54
06/16/2023,6,19.1,0
06/17/2023,6,19.3,0
06/18/2023,6,16.5,7.93
06/19/2023,6,18.2,0
06/20/2023,6,18.1,0
06/21/2023,6,16.9,3.19
06/22/2023,6,16.3,0
06/23/2023,6,18.9,0
06/24/2023,6,20.5,4.65
06/25/2023,6,20.6,17.22
06/26/2023,6,23.5,1.34
06/27/2023,6,23,13.71
06/28/2023,6,21.2,0.14
06/29/2023,6,20.5,13.26
06/30/2023,6,20.2,0
07/01/2023,7,22.3,0
07/02/2023,7,22.6,2.62
07/03/2023,7,21.9,45.85
07/04/2023,7,25,21.81
07/05/2023,7,22.7,11.69
07/06/2023,7,25.6,0
07/07/2023,7,25,0
07/08/2023,7,24,0
07/09/2023,7,26.1,0
07/10/2023,7,24,6.7
07/11/2023,7,21.7,19.25
07/12/2023,7,23.7,0
07/13/2023,7,24.6,0
07/14/2023,7,23.6,21.73
07/15/2023,7,22.3,11.22
07/16/2023,7,25.7,9.95
07/17/2023,7,23.3,42.42
07/18/2023,7,24.6,0
07/19/2023,7,23.6,0.6
07/20/2023,7,22.4,0
07/21/2023,7,23,0
07/22/2023,7,21.2,27.99
07/23/2023,7,20.8,0
07/24/2023,7,22.4,0
07/25/2023,7,23.6,0
07/26/2023,7,22.2,19.81
07/27/2023,7,23.5,0
07/28/2023,7,25.4,24.38
07/29/2023,7,25.8,0
07/30/2023,7,22.1,37.06
07/31/2023,7,18.3,0
08/01/2023,8,20.1,0
08/02/2023,8,17.4,0
08/03/2023,8,17.7,0
08/04/2023,8,20.1,0
08/05/2023,8,20.1,0
08/06/2023,8,20.5,0
08/07/2023,8,20.6,0.22
08/08/2023,8,19.8,36.37
08/09/2023,8,22.4,3.15
08/10/2023,8,21.2,0
08/11/2023,8,20.3,2.6
08/12/2023,8,19.7,0
08/13/2023,8,21.6,11.04
08/14/2023,8,22.6,0
08/15/2023,8,22.4,11.2
08/16/2023,8,19.4,7.19
08/17/2023,8,20,0.38
08/18/2023,8,20.8,31.96
08/19/2023,8,19.7,26.14
08/20/2023,8,17.5,0
08/21/2023,8,20.6,0
08/22/2023,8,20.7,0
08/23/2023,8,17.9,0
08/24/2023,8,18.6,0
08/25/2023,8,18.8,7.16
08/26/2023,8,18.7,9.05
08/27/2023,8,22.6,0
08/28/2023,8,20.7,0.18
08/29/2023,8,20.3,0
08/30/2023,8,20.6,1.93
08/31/2023,8,20.3,1.64
09/01/2023,9,16,0
09/02/2023,9,16.9,0
09/03/2023,9,18.9,0
09/04/2023,9,22.5,0
09/05/2023,9,24.3,0
09/06/2023,9,25.5,0
09/07/2023,9,25.8,0
09/08/2023,9,26.6,0
09/09/2023,9,24.9,12.49
09/10/2023,9,23.6,8.67
09/11/2023,9,22.6,23.14
09/12/2023,9,23.1,13
09/13/2023,9,21.5,0
09/14/2023,9,18.4,48.27
09/15/2023,9,16.7,0
09/16/2023,9,15.5,0
09/17/2023,9,15.6,0
09/18/2023,9,18,10.46
09/19/2023,9,15.3,28.72
09/20/2023,9,15.2,0
09/21/2023,9,14.7,0
09/22/2023,9,15.8,0
09/23/2023,9,14.1,0
09/24/2023,9,13.1,1.49
09/25/2023,9,14.3,16.99
09/26/2023,9,13.1,20.73
09/27/2023,9,10.7,0
09/28/2023,9,12.6,0
09/29/2023,9,14.1,13.14
09/30/2023,9,11.6,62.74
10/01/2023,10,13,1.15
10/02/2023,10,17.3,0
10/03/2023,10,15.7,0
10/04/2023,10,18.2,0
10/05/2023,10,21,0
10/06/2023,10,19,0
10/07/2023,10,18.4,1.37
10/08/2023,10,14.2,12.32
10/09/2023,10,10.6,0
10/10/2023,10,10.3,0
10/11/2023,10,11.4,0.16
10/12/2023,10,12.6,0
10/13/2023,10,12.6,0
10/14/2023,10,10.7,0
10/15/2023,10,9.9,0
10/16/2023,10,10.4,0
10/17/2023,10,10,0.47
10/18/2023,10,11.4,0
10/19/2023,10,11.5,0
10/20/2023,10,12.1,0
10/21/2023,10,13.3,27.17
10/22/2023,10,11.9,12.66
10/23/2023,10,8.3,0
10/24/2023,10,8.9,0
10/25/2023,10,9.6,0
10/26/2023,10,15.2,0
10/27/2023,10,19.1,0
10/28/2023,10,18.5,0
10/29/2023,10,18,0
10/30/2023,10,8.9,19.78
10/31/2023,10,5.7,4.17
11/01/2023,11,5.6,0
11/02/2023,11,1.2,0.04
11/03/2023,11,2.1,0
11/04/2023,11,6.1,0
11/05/2023,11,9,0
11/06/2023,11,8.7,0
11/07/2023,11,7,5.85
11/08/2023,11,9.3,1.69
11/09/2023,11,3.5,0.17
11/10/2023,11,3.2,0.02
11/11/2023,11,5.1,0
11/12/2023,11,2.4,0
11/13/2023,11,-0.5,0
11/14/2023,11,0.8,0
11/15/2023,11,1.5,0
11/16/2023,11,3.3,0
11/17/2023,11,8.8,0
11/18/2023,11,10.7,0.63
11/19/2023,11,5.4,0.8
11/20/2023,11,3,0
11/21/2023,11,-1.3,0
11/22/2023,11,0.1,26.3
11/23/2023,11,5.6,4.75
11/24/2023,11,6.6,0
11/25/2023,11,0.7,0
11/26/2023,11,-2.1,0
11/27/2023,11,2.5,6.02
11/28/2023,11,4,0
11/29/2023,11,-0.5,0
11/30/2023,11,-2,0
12/01/2023,12,2.1,0
12/02/2023,12,6.3,3.63
12/03/2023,12,7.3,1.57
12/04/2023,12,4.2,16.94
12/05/2023,12,5.7,0
12/06/2023,12,0,0
12/07/2023,12,-1.7,0
12/08/2023,12,-2.9,0
12/09/2023,12,2.2,0
12/10/2023,12,6.5,0
12/11/2023,12,10.4,101.88
12/12/2023,12,3.1,1.02
12/13/2023,12,1.4,0
12/14/2023,12,0.2,0
12/15/2023,12,-1.3,0
12/16/2023,12,6.2,0
12/17/2023,12,6.2,0
12/18/2023,12,8.8,52.94
12/19/2023,12,8,49.31
12/20/2023,12,1.2,0
12/21/2023,12,1.2,0
12/22/2023,12,-3.4,0
12/23/2023,12,-4,0
12/24/2023,12,-2.1,0
12/25/2023,12,2.9,0.73
12/26/2023,12,5.1,0
12/27/2023,12,3.2,0
12/28/2023,12,6.1,24.67
12/29/2023,12,6.2,8.64
12/30/2023,12,5.5,0.73
12/31/2023,12,3.1,0
01/01/2024,1,1.3,0
01/02/2024,1,-0.3,0
01/03/2024,1,-1.3,0
01/04/2024,1,0.2,0
01/05/2024,1,-1.2,0
01/06/2024,1,-3.6,0
01/07/2024,1,-2.4,12.05
01/08/2024,1,-2.1,5.9
01/09/2024,1,-2.5,0
01/10/2024,1,2.5,75.85
01/11/2024,1,6.5,0
01/12/2024,1,2.4,0
01/13/2024,1,4,26.99
01/14/2024,1,5.8,2.14
01/15/2024,1,-2.6,0
01/16/2024,1,-5.3,1.78
01/17/2024,1,-4.8,8.76
01/18/2024,1,-7.6,0
01/19/2024,1,-6,0
01/20/2024,1,-7.6,1.43
01/21/2024,1,-10.3,0
01/22/2024,1,-8.5,0
01/23/2024,1,-3.9,0
01/24/2024,1,0.9,4.01
01/25/2024,1,4,24.18
01/26/2024,1,6.8,10.19
01/27/2024,1,3.1,3.71
01/28/2024,1,2.7,5.75
01/29/2024,1,1.1,19.46
01/30/2024,1,-0.3,1.71
01/31/2024,1,-2.2,0
02/01/2024,2,-1.6,0
02/02/2024,2,2.4,0
02/03/2024,2,1.3,0
02/04/2024,2,-1.2,0
02/05/2024,2,0.2,0
02/06/2024,2,-0.4,0
02/07/2024,2,-0.6,0
02/08/2024,2,0.7,0
02/09/2024,2,2.5,0
02/10/2024,2,2.9,0
02/11/2024,2,6.2,0.52
02/12/2024,2,1.1,0.41
02/13/2024,2,-0.2,7.33
02/14/2024,2,-2.3,15.79
02/15/2024,2,-4.2,0
02/16/2024,2,-2.3,0.37
02/17/2024,2,-0.8,0.94
02/18/2024,2,-4.3,1.11
02/19/2024,2,-2.6,0
02/20/2024,2,-4.6,0
02/21/2024,2,-3.6,0
02/22/2024,2,-1.4,0
02/23/2024,2,-1,4.54
02/24/2024,2,3.5,0.4
02/25/2024,2,-2.4,0
02/26/2024,2,-2.3,0
02/27/2024,2,4.7,0.3
02/28/2024,2,5.8,12.52
02/29/2024,2,4.1,20.14
03/01/2024,3,-3.5,0
03/02/2024,3,-0.4,0
03/03/2024,3,5,34.65
03/04/2024,3,10.2,0
03/05/2024,3,9.2,0
03/06/2024,3,5.2,7.24
03/07/2024,3,7,44.33
03/08/2024,3,5.1,2.99
03/09/2024,3,5.2,0
03/10/2024,3,3.4,39.5
03/11/2024,3,3,0.82
03/12/2024,3,2.7,0
03/13/2024,3,6.5,0
03/14/2024,3,8.5,0
03/15/2024,3,10.5,0
03/16/2024,3,7.5,0
03/17/2024,3,6.8,0.77
03/18/2024,3,7.3,0.74
03/19/2024,3,3.5,0
03/20/2024,3,2.5,0
03/21/2024,3,2.2,3.5
03/22/2024,3,-1.7,0
03/23/2024,3,-0.4,6.47
03/24/2024,3,-0.6,62.51
03/25/2024,3,0.7,0
03/26/2024,3,3.7,0
03/27/2024,3,4.5,0.29
03/28/2024,3,9.4,22.57
03/29/2024,3,6.8,17.86
03/30/2024,3,6.3,0
03/31/2024,3,7.2,0
04/01/2024,4,6.5,0
04/02/2024,4,7.3,0
04/03/2024,4,6.6,7.65
04/04/2024,4,2.3,33.87
04/05/2024,4,1.3,4.1
04/06/2024,4,2.9,0
04/07/2024,4,3.8,0
04/08/2024,4,4.5,0
04/09/2024,4,10.4,0
04/10/2024,4,13.2,0
04/11/2024,4,12.3,0
04/12/2024,4,11.7,33.66
04/13/2024,4,10.7,11.67
04/14/2024,4,7.2,0.32
04/15/2024,4,10,1.23
04/16/2024,4,13.1,0
04/17/2024,4,11,0
04/18/2024,4,10.1,10.17
04/19/2024,4,5.7,8.55
04/20/2024,4,10.1,2.96
04/21/2024,4,7.8,4.4
04/22/2024,4,4.6,0
04/23/2024,4,6.2,0
04/24/2024,4,9.5,0
04/25/2024,4,8.1,0
04/26/2024,4,5.8,0
04/27/2024,4,7.6,1.14
04/28/2024,4,10.5,6.28
04/29/2024,4,14.1,3.04
04/30/2024,4,16.9,0
05/01/2024,5,13.1,3.7
05/02/2024,5,13.3,0
05/03/2024,5,16.2,0
05/04/2024,5,11.5,0
05/05/2024,5,13.4,0
05/06/2024,5,9.4,21.85
05/07/2024,5,16,0
05/08/2024,5,17.4,0.53
05/09/2024,5,16.7,21.11
05/10/2024,5,13.4,2.53
05/11/2024,5,8.3,0.01
05/12/2024,5,10,0
05/13/2024,5,10.1,0
05/14/2024,5,14.8,0
05/15/2024,5,18.5,0.01
05/16/2024,5,15.2,42.14
05/17/2024,5,13.7,10.11
05/18/2024,5,17.2,0
05/19/2024,5,13.1,9.42
05/20/2024,5,14.9,0
05/21/2024,5,18.3,0
05/22/2024,5,20.8,0
05/23/2024,5,22.3,0.64
05/24/2024,5,18.5,10
05/25/2024,5,19.3,0
05/26/2024,5,19.2,1.42
05/27/2024,5,21.6,0
05/28/2024,5,19.4,11.41
05/29/2024,5,19.5,0
05/30/2024,5,17.4,9.9
05/31/2024,5,12.7,2.03
06/01/2024,6,16.5,0
06/02/2024,6,18.8,0
06/03/2024,6,20.9,0
06/04/2024,6,20.9,0
06/05/2024,6,19.6,0
06/06/2024,6,21.6,0.12
06/07/2024,6,18.9,1.53
06/08/2024,6,19.6,0.26
06/09/2024,6,17.7,0
06/10/2024,6,15.4,6.64
06/11/2024,6,15.7,0
06/12/2024,6,15.9,0
06/13/2024,6,18,0
06/14/2024,6,21.6,0
06/15/2024,6,21.2,0.64
06/16/2024,6,16.5,0
06/17/2024,6,17.5,0
06/18/2024,6,20.8,0
06/19/2024,6,24.1,0
06/20/2024,6,24.8,0
06/21/2024,6,26,0
06/22/2024,6,26.5,17.01
06/23/2024,6,23.3,33.03
06/24/2024,6,24.6,5.1
06/25/2024,6,20.7,0
06/26/2024,6,23.8,0
06/27/2024,6,23.6,21.43
06/28/2024,6,18.1,0
06/29/2024,6,18.5,0
06/30/2024,6,19.6,0.33
07/01/2024,7,22,19.48
07/02/2024,7,19.7,0
07/03/2024,7,20.7,0
07/04/2024,7,21,0.01
07/05/2024,7,21.9,9.6
07/06/2024,7,24.6,6.79
07/07/2024,7,23.6,16.38
07/08/2024,7,25.1,0
07/09/2024,7,26.4,0
07/10/2024,7,26.7,0.03
07/11/2024,7,26.3,2.82
07/12/2024,7,24.1,0
07/13/2024,7,24,0.83
07/14/2024,7,23.7,10.27
07/15/2024,7,25.5,0
07/16/2024,7,26.1,0
07/17/2024,7,25.5,6.98
07/18/2024,7,25.5,10.91
07/19/2024,7,21.3,0
07/20/2024,7,20.5,0
07/21/2024,7,22.3,3.82
07/22/2024,7,22.3,0.47
07/23/2024,7,22.9,11.56
07/24/2024,7,21.3,1.7
07/25/2024,7,21.4,1.94
07/26/2024,7,19.6,19.93
07/27/2024,7,19.7,0
07/28/2024,7,21.1,0
07/29/2024,7,21.6,26.81
07/30/2024,7,18.9,18.16
07/31/2024,7,24.7,0.32
08/01/2024,8,23.9,6.4
08/02/2024,8,25.6,0
08/03/2024,8,27.1,0.83
08/04/2024,8,26.1,1.45
08/05/2024,8,22.8,16.02
08/06/2024,8,25.3,1.29
08/07/2024,8,18.4,14.38
08/08/2024,8,16.8,2.02
08/09/2024,8,18.3,2.82
08/10/2024,8,22.8,15.34
08/11/2024,8,21.4,0
08/12/2024,8,19.5,0
08/13/2024,8,18.8,2.97
08/14/2024,8,20,0
08/15/2024,8,21.5,0
08/16/2024,8,21.4,4.47
08/17/2024,8,21,0
08/18/2024,8,20.5,14.95
08/19/2024,8,19,17.73
08/20/2024,8,20.5,25.62
08/21/2024,8,14.6,0
08/22/2024,8,15.7,0
08/23/2024,8,16.8,0
08/24/2024,8,19.3,0
08/25/2024,8,20.2,0
08/26/2024,8,21.6,0
08/27/2024,8,20,3.64
08/28/2024,8,21.9,0
08/29/2024,8,23.3,0
08/30/2024,8,16.2,0
08/31/2024,8,18.4,0
09/01/2024,9,20.3,0
09/02/2024,9,21.2,6.35
09/03/2024,9,15.9,0
09/04/2024,9,15.1,0
09/05/2024,9,17.7,0
09/06/2024,9,17.6,0
09/07/2024,9,18.4,0
09/08/2024,9,15.5,7.27
09/09/2024,9,13,0
09/10/2024,9,15.7,0
09/11/2024,9,16.1,0
09/12/2024,9,16.7,0
09/13/2024,9,17.8,0
09/14/2024,9,19.8,0
09/15/2024,9,20.8,0
09/16/2024,9,17.6,0
09/17/2024,9,18,0
09/18/2024,9,19.1,0
09/19/2024,9,18.5,0
09/20/2024,9,21,0
09/21/2024,9,17.2,0
09/22/2024,9,15.4,2.58
09/23/2024,9,14.2,0
09/24/2024,9,13.8,0
09/25/2024,9,14.3,0
09/26/2024,9,14.8,0
09/27/2024,9,17.4,9.47
09/28/2024,9,19,0
09/29/2024,9,17.8,0
09/30/2024,9,13.4,0
10/01/2024,10,16.5,0
10/02/2024,10,14.9,0
10/03/2024,10,13.8,0
10/04/2024,10,15.1,0
10/05/2024,10,16.1,0
10/06/2024,10,13.7,0
10/07/2024,10,13.6,0.79
10/08/2024,10,13.6,9.03
10/09/2024,10,11.1,0
10/10/2024,10,10.6,0
10/11/2024,10,8.2,0
10/12/2024,10,11,0
10/13/2024,10,11.4,0
10/14/2024,10,9,1.71
10/15/2024,10,8.1,0
10/16/2024,10,6.6,0
10/17/2024,10,5.7,0
10/18/2024,10,6.8,0
10/19/2024,10,10.2,0
10/20/2024,10,12,0
10/21/2024,10,13.2,0
10/22/2024,10,17.5,0
10/23/2024,10,18.3,0
10/24/2024,10,17.3,0
10/25/2024,10,11.7,0
10/26/2024,10,9.7,0
10/27/2024,10,8.7,0
10/28/2024,10,5.8,0
10/29/2024,10,7,0
10/30/2024,10,8.1,1.11
10/31/2024,10,15.7,0
11/01/2024,11,18.4,0
11/02/2024,11,16.6,0
11/03/2024,11,6.2,0
11/04/2024,11,4.1,0
11/05/2024,11,6.6,0
11/06/2024,11,16.9,0
11/07/2024,11,17.7,0
11/08/2024,11,11.3,0
11/09/2024,11,9.4,0.61
11/10/2024,11,4.1,0
11/11/2024,11,6.6,7.33
11/12/2024,11,12.3,0
11/13/2024,11,3.5,0
11/14/2024,11,2.5,0
11/15/2024,11,2.7,0
11/16/2024,11,6.6,0
11/17/2024,11,8.7,0
11/18/2024,11,9.8,0
11/19/2024,11,10.2,0
11/20/2024,11,8.2,0
11/21/2024,11,9,0.62
11/22/2024,11,5.2,31.86
11/23/2024,11,5.4,3.7
11/24/2024,11,5.4,4.02
11/25/2024,11,4.5,0
11/26/2024,11,4.6,0
11/27/2024,11,2.5,4.12
11/28/2024,11,4.4,0.01
11/29/2024,11,3.1,11.53
11/30/2024,11,2.4,0
12/01/2024,12,-2.6,0
12/02/2024,12,-3.9,0
12/03/2024,12,-3.3,0
12/04/2024,12,-3.7,0
12/05/2024,12,-2.7,18.35
12/06/2024,12,-0.6,1.78
12/07/2024,12,-4.6,0
12/08/2024,12,-2.2,0.36
12/09/2024,12,2.6,0
12/10/2024,12,3,6.16
12/11/2024,12,2.7,11.44
12/12/2024,12,8.2,50.06
12/13/2024,12,-1.6,0
12/14/2024,12,-6.3,0
12/15/2024,12,-6,0
12/16/2024,12,-5.5,2.54
12/17/2024,12,5.1,13.62
12/18/2024,12,5.6,0
12/19/2024,12,4,15.66
12/20/2024,12,1.2,0
12/21/2024,12,-2.2,2.82
12/22/2024,12,-8.3,0
12/23/2024,12,-12.5,0
12/24/2024,12,-10.4,0
12/25/2024,12,-3.7,0.47
12/26/2024,12,-4.9,0
12/27/2024,12,-3.6,0
12/28/2024,12,-3.1,0
12/29/2024,12,3.2,5.08
12/30/2024,12,8.2,19.56
12/31/2024,12,7.1,1.13
01/01/2025,1,5.5,18.33
01/02/2025,1,4.3,8.26
01/03/2025,1,1.7,0
01/04/2025,1,-1.4,0
01/05/2025,1,-3.5,0
01/06/2025,1,-3.7,0
01/07/2025,1,-7.5,0
01/08/2025,1,-7.2,0
01/09/2025,1,-6.5,0
01/10/2025,1,-5.5,0
01/11/2025,1,-1,0.69
01/12/2025,1,-3.2,0.81
01/13/2025,1,-1.3,0
01/14/2025,1,-1.2,0
01/15/2025,1,-4.4,0
01/16/2025,1,-6.9,0
01/17/2025,1,-6.2,0
01/18/2025,1,-3.8,0
01/19/2025,1,0.3,8.24
01/20/2025,1,-2.5,7.36
01/21/2025,1,-12.2,0
01/22/2025,1,-13.8,0
01/23/2025,1,-12.7,0
01/24/2025,1,-8.3,0
01/25/2025,1,-7.8,0
01/26/2025,1,-7.3,0
01/27/2025,1,-2.2,0
01/28/2025,1,-2.2,0
01/29/2025,1,-2.4,0
01/30/2025,1,-0.5,0
01/31/2025,1,-4.6,0
02/01/2025,2,1.2,13.58
02/02/2025,2,-7.1,0
02/03/2025,2,-8.2,4.43
02/04/2025,2,1.1,0
02/05/2025,2,-2,0
02/06/2025,2,-6.8,0
02/07/2025,2,-2.5,6.99
02/08/2025,2,-2.4,0
02/09/2025,2,-3.7,10.1
02/10/2025,2,-4.3,0.63
02/11/2025,2,-6.7,0
02/12/2025,2,-6.4,0
02/13/2025,2,-1.2,6.84
02/14/2025,2,-0.5,0.11
02/15/2025,2,-4.8,0
02/16/2025,2,-4.8,14.72
02/17/2025,2,-1.8,23.95
02/18/2025,2,-6.3,0
02/19/2025,2,-7.8,0
02/20/2025,2,-7.9,0
02/21/2025,2,-6.7,0
02/22/2025,2,-5.4,0
02/23/2025,2,-3.2,0
02/24/2025,2,0.8,0
02/25/2025,2,1.8,0
02/26/2025,2,5.7,0
02/27/2025,2,5.1,0.82
02/28/2025,2,3.6,2.87
03/01/2025,3,2.7,0.3
03/02/2025,3,1,0.41
03/03/2025,3,-8.3,0
03/04/2025,3,-5.9,0
03/05/2025,3,1.8,0
03/06/2025,3,9.7,37.72
03/07/2025,3,5,1.13
03/08/2025,3,-0.3,0
03/09/2025,3,-0.3,0
03/10/2025,3,1.2,0
03/11/2025,3,7.3,0
03/12/2025,3,8.1,0
03/13/2025,3,5.8,0
03/14/2025,3,5.9,0
03/15/2025,3,7.9,0
03/16/2025,3,8.1,0
03/17/2025,3,13.3,32.37
03/18/2025,3,6.6,1.65
03/19/2025,3,6,0
03/20/2025,3,10.9,0
03/21/2025,3,9.6,4.58
03/22/2025,3,2.5,0
03/23/2025,3,5.5,0
03/24/2025,3,1.3,0
03/25/2025,3,3.2,17.29
03/26/2025,3,5.3,0
03/27/2025,3,3.7,0
03/28/2025,3,3.1,0
03/29/2025,3,8.6,1.28
03/30/2025,3,4.4,1.47
03/31/2025,3,5.3,0
04/01/2025,4,9.7,13.05
04/02/2025,4,4,0
04/03/2025,4,4.2,7.72
04/04/2025,4,11.5,2.97
04/05/2025,4,10.9,0
04/06/2025,4,5.8,14.7
04/07/2025,4,7,2.38
04/08/2025,4,2.6,2.35
04/09/2025,4,0.4,0.37
04/10/2025,4,1.5,0
04/11/2025,4,4.5,5.8
04/12/2025,4,4.2,14.93
04/13/2025,4,1.7,0
04/14/2025,4,5,0
04/15/2025,4,12.9,1.88
04/16/2025,4,11.2,1.09
04/17/2025,4,6,0
04/18/2025,4,6.8,0
04/19/2025,4,11.6,0
04/20/2025,4,18.8,0
04/21/2025,4,8.8,0
04/22/2025,4,10.1,6.99
04/23/2025,4,16.3,0
04/24/2025,4,14.2,0
04/25/2025,4,16.6,0
04/26/2025,4,19.2,13.84
04/27/2025,4,11.2,10.5
04/28/2025,4,9.2,0
04/29/2025,4,14.8,0
04/30/2025,4,18,0
05/01/2025,5,12.1,0
05/02/2025,5,14.9,5.17
05/03/2025,5,19.1,0
05/04/2025,5,21.2,15.67
05/05/2025,5,18.1,18.46
05/06/2025,5,12.8,35.66
05/07/2025,5,14.2,9.36
05/08/2025,5,16.5,0
05/09/2025,5,18.2,2.72
05/10/2025,5,11.1,34.55
05/11/2025,5,11.9,0
05/12/2025,5,12.1,0
05/13/2025,5,15.3,0
05/14/2025,5,16.2,0
05/15/2025,5,18.8,18.97
05/16/2025,5,18.9,2.48
05/17/2025,5,19.9,0
05/18/2025,5,18.5,4.38
05/19/2025,5,14.6,0
05/20/2025,5,11.7,0
05/21/2025,5,11.9,0
05/22/2025,5,8.2,5.44
05/23/2025,5,6.5,48.7
05/24/2025,5,8.6,3.15
05/25/2025,5,11.9,0.86
05/26/2025,5,11.6,0
05/27/2025,5,14.5,0
05/28/2025,5,16.7,0
05/29/2025,5,17.1,3.27
05/30/2025,5,15.6,0
05/31/2025,5,18.4,15.22
06/01/2025,6,12,9.31
06/02/2025,6,11.2,0
06/03/2025,6,13.9,0
06/04/2025,6,17.9,0
06/05/2025,6,19.6,0
06/06/2025,6,25.2,0
06/07/2025,6,23.7,0.17
06/08/2025,6,17.9,26.84
06/09/2025,6,18.6,1.94
06/10/2025,6,17.8,0
06/11/2025,6,15.9,7.83
06/12/2025,6,20.2,0
06/13/2025,6,21.7,0
06/14/2025,6,20.1,0.67
06/15/2025,6,14,1.57
06/16/2025,6,16.3,0
06/17/2025,6,19.8,4.57
06/18/2025,6,17.8,3.76
06/19/2025,6,21.1,0
06/20/2025,6,25.2,0
06/21/2025,6,20.4,0
06/22/2025,6,24.1,1.47
06/23/2025,6,26,0.88
06/24/2025,6,28.1,0
06/25/2025,6,29.1,0
06/26/2025,6,26,0.37
06/27/2025,6,16.8,3.31
06/28/2025,6,18.5,0
06/29/2025,6,20.3,0.29
06/30/2025,6,22,0
07/01/2025,7,25,0
07/02/2025,7,25.9,31.06
07/03/2025,7,22.8,0
07/04/2025,7,21.8,8.66
07/05/2025,7,19.2,0
07/06/2025,7,21.8,0
07/07/2025,7,25,0
07/08/2025,7,25.6,1.57
07/09/2025,7,26.9,21.35
07/10/2025,7,23.9,37.25
07/11/2025,7,21.4,2.1
07/12/2025,7,23.6,0
07/13/2025,7,22.8,0
07/14/2025,7,23.8,0
07/15/2025,7,22.7,1.26
07/16/2025,7,25.9,0
07/17/2025,7,27.3,0
07/18/2025,7,25.1,0
07/19/2025,7,19.4,0
07/20/2025,7,22.8,0
07/21/2025,7,23,15.32
07/22/2025,7,17.9,0
07/23/2025,7,18.8,0
07/24/2025,7,21.3,0
07/25/2025,7,23.9,0
07/26/2025,7,25.2,2.56
07/27/2025,7,20.9,0
07/28/2025,7,20.3,1.4
07/29/2025,7,25.9,0
07/30/2025,7,27.2,0
07/31/2025,7,26.8,0
08/01/2025,8,19.5,25.44
08/02/2025,8,17,0
08/03/2025,8,18.1,0
08/04/2025,8,20.3,0
08/05/2025,8,22.1,0
08/06/2025,8,20.9,0
08/07/2025,8,20.1,0
08/08/2025,8,19,0
08/09/2025,8,19.1,0
08/10/2025,8,20.8,0
08/11/2025,8,23.2,0
08/12/2025,8,23.7,0
08/13/2025,8,24.3,0
08/14/2025,8,25.2,1.05
08/15/2025,8,24.6,0
08/16/2025,8,22.5,0
08/17/2025,8,23.2,0
08/18/2025,8,22.8,28.13
08/19/2025,8,17.2,0
08/20/2025,8,17.9,0.55
08/21/2025,8,14.2,38.08
08/22/2025,8,14.8,0
08/23/2025,8,19.6,0
08/24/2025,8,20.1,0
08/25/2025,8,21,0
08/26/2025,8,19.8,0
08/27/2025,8,17,0
08/28/2025,8,14.8,0
08/29/2025,8,16.7,0
08/30/2025,8,15.3,9.15
08/31/2025,8,15.6,0
09/01/2025,9,17.7,0
09/02/2025,9,15.8,0
09/03/2025,9,17.2,0
09/04/2025,9,17.5,0
09/05/2025,9,18.5,10.07
09/06/2025,9,21.9,0
09/07/2025,9,20.8,30.56
09/08/2025,9,12.2,10.61
09/09/2025,9,14.5,0
09/10/2025,9,15.6,0
09/11/2025,9,15.4,0
09/12/2025,9,17.8,0
09/13/2025,9,16.3,0
09/14/2025,9,17,0
09/15/2025,9,18.9,0
09/16/2025,9,19.5,0
09/17/2025,9,17.2,0
09/18/2025,9,18.6,0
09/19/2025,9,19.3,0
09/20/2025,9,16.7,0
09/21/2025,9,14,0
09/22/2025,9,13.5,0
09/23/2025,9,15.4,0
09/24/2025,9,19.9,30.61
09/25/2025,9,18.2,13.4
09/26/2025,9,19,13.14
09/27/2025,9,19.1,0
09/28/2025,9,19.5,0.32
09/29/2025,9,19.7,0
09/30/2025,9,18.3,0
10/01/2025,10,16.9,0
10/02/2025,10,12.3,0
10/03/2025,10,10.8,0
10/04/2025,10,13.7,0
10/05/2025,10,17.5,0
10/06/2025,10,19.8,0
10/07/2025,10,20.1,0
10/08/2025,10,20.2,5.17
10/09/2025,10,11.6,9.85
10/10/2025,10,5.8,0
10/11/2025,10,7.7,0
10/12/2025,10,13.7,0
10/13/2025,10,11.5,29.33
10/14/2025,10,10.8,6.73
10/15/2025,10,11.9,0
10/16/2025,10,9.2,0
10/17/2025,10,8.7,0
10/18/2025,10,9.3,0
10/19/2025,10,10.4,0
10/20/2025,10,13.1,14.47
10/21/2025,10,12.4,12.6
10/22/2025,10,12.9,19.39
10/23/2025,10,10.5,0.71
10/24/2025,10,8.4,0
10/25/2025,10,7.8,0
10/26/2025,10,7.4,0
10/27/2025,10,5.9,0
10/28/2025,10,5.8,0
10/29/2025,10,7.5,0
10/30/2025,10,8.5,0
10/31/2025,10,11.1,41
11/01/2025,11,10.1,0
11/02/2025,11,5.2,0
11/03/2025,11,5.3,0
11/04/2025,11,7.5,5.86
11/05/2025,11,6.4,0
11/06/2025,11,8,1.14
11/07/2025,11,3.7,0
11/08/2025,11,5.3,7.55
11/09/2025,11,10.1,0.36
11/10/2025,11,10.7,2.47
11/11/2025,11,5.6,8.52
11/12/2025,11,0.7,0
11/13/2025,11,3.3,0
11/14/2025,11,3,0
11/15/2025,11,1.6,0
11/16/2025,11,2.1,17.42
11/17/2025,11,5.5,0
11/18/2025,11,2,0
11/19/2025,11,1.3,0
11/20/2025,11,1.4,0
11/21/2025,11,1,0
11/22/2025,11,2.3,2.41
11/23/2025,11,1,3.48
11/24/2025,11,-0.5,0
11/25/2025,11,3.6,0
11/26/2025,11,6.7,13.63
11/27/2025,11,8.5,1.03
11/28/2025,11,3.1,0
11/29/2025,11,1.3,0
11/30/2025,11,0.5,0
12/01/2025,12,1.9,6.48
12/02/2025,12,-0.7,0
12/03/2025,12,-0.5,24.43
12/04/2025,12,-1.5,0
12/05/2025,12,-5.4,0
12/06/2025,12,-8.3,0
12/07/2025,12,-1.1,0.54
12/08/2025,12,-1.5,0
12/09/2025,12,-9.1,0
12/10/2025,12,-6.9,0
12/11/2025,12,2.5,8.06
12/12/2025,12,-3.4,0
12/13/2025,12,-3.1,0
12/14/2025,12,-1,2.06
12/15/2025,12,-6.9,3.06
12/16/2025,12,-8.6,0
12/17/2025,12,-3.5,0
12/18/2025,12,0.9,0
12/19/2025,12,3.3,2.72
12/20/2025,12,5.7,34.8
12/21/2025,12,0.3,0
12/22/2025,12,0.6,0
12/23/2025,12,-2.2,0
12/24/2025,12,0,3.36
12/25/2025,12,-0.8,0
12/26/2025,12,-3.4,0
12/27/2025,12,-7.8,9.87
12/28/2025,12,-8.3,0
12/29/2025,12,-4.9,4.02
12/30/2025,12,0.1,11.5
12/31/2025,12,-4.3,0
